OGEE_Common,OGEE_Kidney,OGEE_Lung,FIPER_Common,FIPER_Kidney,FIPER_Lung,ADAM_Common,ADAM_Kidney,ADAM_Lung
AARS,AARS,AARS,AAMP,AAMP,AAMP,AAMP,AAMP,AAMP
ABCB7,ABCB7,ABCB7,AARS1,AARS1,AARS1,AARS1,AARS1,AARS1
ABCE1,ABCE1,ABCE1,AATF,AATF,AATF,AATF,AATF,AATF
ABCF1,ABCF1,ACTL6A,ABCB7,ABCB7,ABCB7,ABCB7,ABCB7,ABCB7
ACTL6A,ACTL6A,ACTR2,ABCE1,ABCE1,ABCE1,ABCE1,ABCE1,ABCE1
ACTR10,ACTR10,ACTR6,ABCF1,ABCF1,ABCF1,ABCF1,ABCF1,ABCF1
ACTR1A,ACTR1A,ADSL,ABT1,ABT1,ABT1,ABT1,ABT1,ABT1
ACTR2,ACTR2,AFG3L2,ACIN1,ACD,ACIN1,ACTL6A,ACTG1,ACIN1
ACTR6,ACTR6,AHCTF1,ACTG1,ACIN1,ACTG1,ACTR10,ACTL6A,ACLY
ACTR8,ACTR8,AK6,ACTL6A,ACTG1,ACTL6A,ACTR2,ACTR10,ACO2
ADSL,AFG3L2,ALDOA,ACTR10,ACTL6A,ACTR10,AFG3L2,ACTR1A,ACTB
AFG3L2,AIFM1,ALG1,ACTR1A,ACTR10,ACTR2,AHCTF1,ACTR2,ACTG1
AHCTF1,AK6,ALG11,ACTR2,ACTR1A,AFG3L2,AKIRIN2,ACTR3,ACTL6A
AHCY,ALDOA,ALG13,ACTR3,ACTR2,AGAP6,ALDOA,ACTR8,ACTR10
AIFM1,ALG1,ALG14,ACTR6,ACTR3,AHCTF1,ALG1,AFG3L2,ACTR1A
AK6,ALG11,ALG2,ACTR8,AFG3L2,AK6,ALG11,AHCTF1,ACTR2
AKIRIN2,ALG13,ANAPC1,AFG3L2,AHCTF1,AKIRIN2,ALG14,AK6,ACTR3
ALDOA,ALG14,ANAPC11,AGAP6,AK6,ALDOA,ALG2,AKIRIN2,ACTR6
ALG1,ALG2,ANAPC2,AHCTF1,AKIRIN2,ALG11,ALYREF,ALDOA,ACTR8
ALG11,ANAPC1,ANAPC4,AK6,ALDOA,ALG14,ANAPC1,ALG1,ADAR
ALG13,ANAPC11,ANKLE2,AKIRIN2,ALG11,ALG2,ANAPC10,ALG11,ADSL
ALG14,ANAPC2,AQR,ALDOA,ALG14,ALYREF,ANAPC11,ALG13,AFG3L2
ALG2,ANAPC4,ARCN1,ALG1,ALG2,ANAPC1,ANAPC2,ALG14,AGAP6
ANAPC1,ANKLE2,ARIH1,ALG11,ALYREF,ANAPC10,ANAPC4,ALG2,AHCTF1
ANAPC11,AQP7,ARL2,ALG14,ANAPC1,ANAPC11,ANAPC5,ALYREF,AHCY
ANAPC15,AQR,ARMC7,ALG2,ANAPC10,ANAPC2,ANKLE2,ANAPC1,AK4
ANAPC2,ARCN1,ATP1A1,ALYREF,ANAPC11,ANAPC4,AQR,ANAPC10,AK6
ANAPC4,ARIH1,ATP2A2,ANAPC1,ANAPC2,ANAPC5,ARCN1,ANAPC11,AKIRIN2
ANKLE2,ARL2,ATP6AP1,ANAPC10,ANAPC4,ANKLE2,ARIH1,ANAPC2,ALDOA
AP2S1,ARMC7,ATP6AP2,ANAPC11,ANAPC5,ANLN,ARL2,ANAPC4,ALG1
AQP7,ASNA1,ATP6V0B,ANAPC2,ANKLE2,AQR,ARMC7,ANAPC5,ALG11
AQR,ATP1A1,ATP6V0C,ANAPC4,AQR,ARCN1,ARPC3,ANKLE2,ALG13
ARCN1,ATP2A2,ATP6V1A,ANAPC5,ARCN1,ARGLU1,ATP2A2,AQR,ALG14
ARIH1,ATP6AP1,ATP6V1B2,ANKLE2,ARF4,ARIH1,ATP5F1B,ARCN1,ALG2
ARL2,ATP6AP2,ATP6V1E1,ANLN,ARFRP1,ARL2,ATP5MF,ARF4,ALYREF
ARMC7,ATP6V0B,ATP6V1F,AQR,ARGLU1,ARMC7,ATP6AP1,ARFRP1,ANAPC1
ASNA1,ATP6V0C,ATP6V1G1,ARCN1,ARIH1,ARPC3,ATP6V0B,ARGLU1,ANAPC10
ATL2,ATP6V1A,AURKA,ARF4,ARL2,ATP2A2,ATP6V0C,ARIH1,ANAPC11
ATP1A1,ATP6V1B2,AURKB,ARFRP1,ARMC7,ATP5F1A,ATP6V0D1,ARL2,ANAPC15
ATP2A2,ATP6V1E1,BANF1,ARGLU1,ARPC3,ATP5F1B,ATP6V1A,ARMC7,ANAPC2
ATP5F1D,ATP6V1F,BIRC5,ARIH1,ARPC4,ATP5MF,ATP6V1B2,ARPC3,ANAPC4
ATP5ME,ATP6V1G1,BMS1,ARL2,ATP2A2,ATP5PB,ATP6V1C1,ARPC4,ANAPC5
ATP6AP1,AURKA,BOP1,ARMC7,ATP5F1B,ATP5PD,ATP6V1D,ATP1A1,ANKLE2
ATP6AP2,AURKB,BORA,ARPC3,ATP5MF,ATP6V0B,ATP6V1E1,ATP2A2,ANLN
ATP6V0B,BANF1,BRD4,ARPC4,ATP5PB,ATP6V0C,ATP6V1F,ATP5F1B,AP2M1
ATP6V0C,BCL2L1,BRF1,ATP2A2,ATP5PD,ATP6V0D1,ATP6V1H,ATP5MF,AP2S1
ATP6V1A,BIRC5,BRF2,ATP5F1A,ATP6AP1,ATP6V1A,ATR,ATP6AP1,AQR
ATP6V1B2,BMS1,BRIX1,ATP5F1B,ATP6AP2,ATP6V1C1,AURKA,ATP6AP2,ARCN1
ATP6V1E1,BOP1,BUB1B,ATP5F1D,ATP6V0B,ATP6V1D,AURKB,ATP6V0B,ARF4
ATP6V1F,BORA,BUB3,ATP5MF,ATP6V0C,ATP6V1E1,BANF1,ATP6V0C,ARFRP1
ATP6V1G1,BRD4,BUD23,ATP5PB,ATP6V0D1,ATP6V1H,BANP,ATP6V0D1,ARGLU1
ATR,BRF1,BUD31,ATP5PD,ATP6V1A,ATR,BCAS2,ATP6V1A,ARIH1
AURKA,BRF2,BYSL,ATP6AP1,ATP6V1B2,AURKA,BCL2L1,ATP6V1B2,ARL2
AURKB,BRIX1,C1orf109,ATP6AP2,ATP6V1C1,AURKB,BDP1,ATP6V1C1,ARMC7
BANF1,BUB1B,CACTIN,ATP6V0B,ATP6V1D,BANF1,BIRC5,ATP6V1D,ARPC3
BANP,BUB3,CAPZB,ATP6V0C,ATP6V1E1,BANP,BMS1,ATP6V1E1,ARPC4
BCL2L1,BUD23,CARS,ATP6V0D1,ATP6V1F,BCAS2,BOP1,ATP6V1F,ASCC3
BIRC5,BUD31,CCDC84,ATP6V1A,ATP6V1G1,BCL2L1,BORA,ATP6V1G1,ATL2
BMS1,BYSL,CCNA2,ATP6V1B2,ATP6V1H,BCLAF1,BRD4,ATP6V1H,ATP1A1
BOP1,C19orf53,CCNH,ATP6V1C1,ATR,BDP1,BRF1,ATR,ATP2A2
BORA,C1orf109,CCT2,ATP6V1D,ATRIP,BIRC5,BRF2,ATRIP,ATP5F1A
BRAF,CACTIN,CCT3,ATP6V1E1,AURKA,BMS1,BRIX1,AURKA,ATP5F1B
BRD4,CAPZB,CCT4,ATP6V1F,AURKB,BNIP1,BTF3,AURKB,ATP5F1C
BRF1,CARS,CCT5,ATP6V1G1,BANF1,BOP1,BUB1,BANF1,ATP5F1D
BRF2,CCDC115,CDAN1,ATP6V1H,BANP,BORA,BUB1B,BANP,ATP5MF
BRIX1,CCDC84,CDC123,ATR,BCAS2,BPTF,BUB3,BARD1,ATP5PB
BUB1B,CCDC86,CDC16,ATRIP,BCCIP,BRD4,BUD13,BCAS2,ATP5PD
BUB3,CCNA2,CDC20,ATXN10,BCL2L1,BRF1,BUD23,BCCIP,ATP6AP1
BUD23,CCND1,CDC23,AURKA,BIRC5,BRF2,BUD31,BCL2L1,ATP6AP2
BUD31,CCNH,CDC27,AURKB,BMS1,BRIX1,BYSL,BCLAF1,ATP6V0B
BYSL,CCT2,CDC37,BANF1,BNIP1,BTF3,C1orf109,BDP1,ATP6V0C
C19orf53,CCT3,CDC42,BANP,BOP1,BUB1,C1orf131,BIRC5,ATP6V0D1
C1orf109,CCT4,CDC45,BARD1,BRD4,BUB1B,CACTIN,BMS1,ATP6V1A
CACTIN,CCT5,CDC5L,BCAS2,BRF1,BUB3,CAPZB,BNIP1,ATP6V1B2
CAPZB,CDAN1,CDC6,BCCIP,BRF2,BUD13,CARS1,BOP1,ATP6V1C1
CARS,CDC123,CDC7,BCL2L1,BRIX1,BUD23,CCDC174,BORA,ATP6V1D
CCAR1,CDC16,CDCA5,BCLAF1,BTF3,BUD31,CCNA2,BRD4,ATP6V1E1
CCDC115,CDC20,CDCA8,BDP1,BUB1,BYSL,CCNB1,BRF1,ATP6V1F
CCDC130,CDC23,CDIPT,BIRC5,BUB1B,C18orf21,CCNH,BRF2,ATP6V1G1
CCDC84,CDC27,CDK1,BMS1,BUB3,C1orf131,CCNK,BRIX1,ATP6V1H
CCDC86,CDC37,CDK11A,BNIP1,BUD13,CACTIN,CCT2,BTF3,ATR
CCNA2,CDC42,CDK7,BOP1,BUD23,CARS1,CCT3,BUB1,ATRIP
CCND1,CDC45,CDK9,BORA,BUD31,CCAR1,CCT4,BUB1B,ATXN10
CCNH,CDC5L,CDT1,BPTF,BYSL,CCDC174,CCT5,BUB3,AURKA
CCNK,CDC6,CENPA,BRD4,C18orf21,CCDC59,CCT6A,BUD13,AURKB
CCT2,CDC7,CENPK,BRF1,C1orf131,CCDC86,CCT7,BUD23,BANF1
CCT3,CDCA5,CENPN,BRF2,CACTIN,CCNA2,CCT8,BUD31,BANP
CCT4,CDCA8,CENPW,BRIX1,CAPZB,CCNB1,CDC123,BYSL,BARD1
CCT5,CDIPT,CFAP298,BTF3,CARS1,CCNH,CDC16,C19orf53,BCAS2
CCT6A,CDK1,CHAF1A,BUB1,CCAR1,CCNK,CDC20,C1orf109,BCCIP
CCT8,CDK11A,CHAF1B,BUB1B,CCDC174,CCT2,CDC23,C1orf131,BCL2L1
CDAN1,CDK7,CHCHD4,BUB3,CCDC59,CCT3,CDC26,CACTIN,BCLAF1
CDC123,CDK9,CHD4,BUD13,CCDC86,CCT4,CDC27,CAPZB,BDP1
CDC16,CDT1,CHEK1,BUD23,CCNA2,CCT5,CDC37,CARS1,BIRC5
CDC20,CENPA,CHERP,BUD31,CCNB1,CCT6A,CDC40,CCAR1,BMS1
CDC23,CENPK,CHMP2A,BYSL,CCNH,CCT7,CDC42,CCDC174,BNIP1
CDC27,CENPN,CHMP5,C18orf21,CCNK,CCT8,CDC45,CCDC59,BOP1
CDC37,CENPW,CHMP6,C19orf53,CCT2,CDC123,CDC5L,CCNA2,BORA
CDC42,CFAP298,CHORDC1,C1orf131,CCT3,CDC16,CDC6,CCNB1,BPTF
CDC45,CFLAR,CIAO1,CACTIN,CCT4,CDC20,CDC7,CCND1,BRCA2
CDC5L,CHAF1A,CIAO2B,CAMLG,CCT5,CDC23,CDC73,CCNH,BRD4
CDC6,CHAF1B,CIAO3,CAP1,CCT6A,CDC26,CDCA5,CCNK,BRF1
CDC7,CHCHD4,CIAPIN1,CAPZB,CCT7,CDC27,CDCA8,CCNL1,BRF2
CDC73,CHD4,CINP,CARS1,CCT8,CDC37,CDK1,CCT2,BRIX1
CDCA5,CHEK1,CKAP5,CCAR1,CDC123,CDC40,CDK12,CCT3,BTF3
CDCA8,CHERP,CLNS1A,CCDC174,CDC16,CDC42,CDK7,CCT4,BTF3L4
CDIPT,CHMP2A,CLP1,CCDC59,CDC20,CDC45,CDK9,CCT5,BUB1
CDK1,CHMP4B,CLTC,CCDC86,CDC23,CDC5L,CDT1,CCT6A,BUB1B
CDK11A,CHMP5,CMTR1,CCNA2,CDC26,CDC6,CEBPZ,CCT7,BUB3
CDK2,CHMP6,CNIH4,CCNB1,CDC27,CDC7,CENATAC,CCT8,BUD13
CDK4,CIAO1,CNOT3,CCNH,CDC37,CDC73,CENPC,CDC123,BUD23
CDK6,CIAO2B,COG3,CCNK,CDC40,CDCA5,CENPE,CDC16,BUD31
CDK7,CIAO3,COPA,CCNL1,CDC42,CDCA8,CENPK,CDC20,BYSL
CDK9,CIAPIN1,COPB1,CCT2,CDC45,CDK1,CENPM,CDC23,C18orf21
CDT1,CINP,COPB2,CCT3,CDC5L,CDK12,CENPN,CDC26,C19orf53
CEBPZ,CKAP5,COPE,CCT4,CDC6,CDK2,CENPW,CDC27,C1orf109
CENPA,CLNS1A,COPG1,CCT5,CDC7,CDK7,CEP192,CDC37,C1orf131
CENPK,CLP1,COPS3,CCT6A,CDC73,CDK9,CFAP298,CDC40,CACTIN
CENPN,CLTC,COPS4,CCT7,CDCA5,CDT1,CHAF1A,CDC42,CAP1
CENPT,CMPK1,COPS5,CCT8,CDK1,CEBPZ,CHAF1B,CDC45,CAPZB
CENPW,CMTR1,COPS6,CDC123,CDK12,CELSR2,CHCHD4,CDC5L,CARS1
CEP131,CNIH4,COPS8,CDC16,CDK4,CENATAC,CHD4,CDC6,CCAR1
CEP192,CNOT3,COPZ1,CDC20,CDK7,CENPC,CHEK1,CDC7,CCDC115
CFAP298,COG3,CPSF1,CDC23,CDK9,CENPE,CHERP,CDC73,CCDC174
CFL1,COPA,CPSF2,CDC26,CDT1,CENPH,CHMP2A,CDCA5,CCDC59
CFLAR,COPB1,CPSF3,CDC27,CEBPZ,CENPI,CHMP3,CDCA8,CCDC86
CHAF1A,COPB2,CPSF4,CDC37,CENATAC,CENPK,CHMP6,CDK1,CCNA2
CHAF1B,COPE,CRCP,CDC40,CENPC,CENPL,CIAO1,CDK12,CCNB1
CHCHD1,COPG1,CRNKL1,CDC42,CENPE,CENPM,CIAO2B,CDK4,CCND1
CHCHD4,COPS3,CSE1L,CDC45,CENPH,CENPN,CIAO3,CDK6,CCNH
CHD4,COPS4,CSNK2B,CDC5L,CENPK,CENPT,CIAPIN1,CDK7,CCNK
CHEK1,COPS5,CSTF1,CDC6,CENPL,CENPW,CINP,CDK9,CCNL1
CHERP,COPS6,CTCF,CDC7,CENPN,CEP192,CKAP5,CDT1,CCT2
CHMP2A,COPS8,CTDP1,CDC73,CENPT,CFAP298,CLNS1A,CEBPZ,CCT3
CHMP3,COPZ1,CTNNBL1,CDCA5,CENPW,CHAF1A,CLP1,CENATAC,CCT4
CHMP4B,CPSF1,CUL1,CDCA8,CEP192,CHAF1B,CLSPN,CENPC,CCT5
CHMP5,CPSF2,CWC22,CDK1,CFAP298,CHCHD1,CLTC,CENPE,CCT6A
CHMP6,CPSF3,CYCS,CDK12,CHAF1A,CHCHD4,CNOT3,CENPK,CCT7
CHORDC1,CPSF4,DAD1,CDK2,CHAF1B,CHD4,COPA,CENPM,CCT8
CIAO1,CRCP,DARS,CDK4,CHCHD4,CHEK1,COPB1,CENPN,CDAN1
CIAO2B,CRKL,DBR1,CDK7,CHD4,CHERP,COPB2,CENPW,CDC123
CIAO3,CRNKL1,DCTN5,CDK9,CHEK1,CHMP2A,COPE,CEP192,CDC16
CIAPIN1,CSE1L,DCTN6,CDT1,CHERP,CHMP3,COPG1,CFAP298,CDC20
CINP,CSNK2B,DDB1,CEBPZ,CHMP2A,CHMP6,COPS2,CFLAR,CDC23
CKAP5,CSTF1,DDX10,CENATAC,CHMP3,CIAO1,COPS4,CHAF1A,CDC26
CLNS1A,CSTF3,DDX23,CENPA,CHMP4B,CIAO2B,COPS5,CHAF1B,CDC27
CLP1,CTCF,DDX24,CENPC,CHMP6,CIAO3,COPS6,CHCHD4,CDC37
CLTC,CTDP1,DDX3X,CENPE,CHMP7,CIAPIN1,COPS8,CHD4,CDC40
CMPK1,CUL2,DDX41,CENPH,CIAO1,CINP,COPZ1,CHEK1,CDC42
CMTR1,CWC22,DDX42,CENPI,CIAO2B,CKAP5,COX17,CHERP,CDC45
CNIH4,DAD1,DDX47,CENPK,CIAO3,CLNS1A,CPSF1,CHMP2A,CDC5L
CNOT3,DARS,DDX49,CENPL,CIAPIN1,CLP1,CPSF2,CHMP3,CDC6
COASY,DBR1,DDX54,CENPM,CINP,CLSPN,CPSF3,CHMP4B,CDC7
COG3,DCTN5,DDX55,CENPN,CKAP5,CLTC,CPSF4,CHMP5,CDC73
COPA,DCTN6,DDX56,CENPT,CLNS1A,CMPK1,CPSF6,CHMP6,CDCA5
COPB1,DDB1,DHDDS,CENPW,CLP1,CMTR1,CRCP,CHMP7,CDCA8
COPB2,DDOST,DHPS,CEP192,CLSPN,CNOT1,CRNKL1,CIAO1,CDIPT
COPE,DDX10,DHX15,CFAP298,CLTC,CNOT3,CSE1L,CIAO2B,CDK1
COPG1,DDX23,DHX33,CHAF1A,CMPK1,COG1,CSNK1A1,CIAO3,CDK12
COPS3,DDX24,DHX37,CHAF1B,CMTR1,COG8,CSTF1,CIAPIN1,CDK2
COPS4,DDX3X,DHX8,CHCHD1,CNOT1,COPA,CSTF3,CINP,CDK4
COPS5,DDX41,DKC1,CHCHD4,CNOT3,COPB1,CTCF,CKAP5,CDK6
COPS6,DDX42,DMAP1,CHD4,COG1,COPB2,CTDP1,CLNS1A,CDK7
COPS8,DDX47,DNAJC17,CHEK1,COG3,COPE,CTNNBL1,CLP1,CDK9
COPZ1,DDX49,DNAJC9,CHERP,COPA,COPS2,CTR9,CLSPN,CDT1
COX7C,DDX51,DNM2,CHMP2A,COPB1,COPS3,CUL3,CLTC,CEBPZ
CPSF1,DDX54,DONSON,CHMP3,COPB2,COPS4,CWC22,CMPK1,CENATAC
CPSF2,DDX55,DPAGT1,CHMP6,COPE,COPS5,DAD1,CMTR1,CENPA
CPSF3,DDX56,DPH3,CIAO1,COPG1,COPS6,DARS1,CNOT1,CENPC
CPSF4,DHDDS,DTL,CIAO2B,COPS2,COPS8,DBR1,CNOT3,CENPE
CRCP,DHX15,DTYMK,CIAO3,COPS3,COPZ1,DCTN2,COG1,CENPH
CRKL,DHX33,DUT,CIAPIN1,COPS4,COX17,DCTN4,COG3,CENPI
CRNKL1,DHX37,DUX4,CINP,COPS5,COX6A1,DCTN5,COG8,CENPK
CSE1L,DHX8,DYNC1H1,CKAP5,COPS6,COX7B,DCTN6,COPA,CENPL
CSNK2B,DIS3,DYNC1I2,CLNS1A,COPS8,CPSF1,DDB1,COPB1,CENPM
CSTF1,DKC1,DYNLRB1,CLP1,COPZ1,CPSF2,DDOST,COPB2,CENPN
CSTF3,DMAP1,EBNA1BP2,CLSPN,COX20,CPSF3,DDX10,COPE,CENPT
CTCF,DNAJC17,ECD,CLTC,CPSF1,CPSF4,DDX18,COPG1,CENPW
CTDP1,DNAJC9,ECT2,CMPK1,CPSF2,CPSF6,DDX20,COPS2,CEP192
CTNNBL1,DNM2,EEF1A1,CMTR1,CPSF3,CRCP,DDX21,COPS3,CFAP20
CTPS1,DONSON,EEF1G,CNOT1,CPSF4,CRNKL1,DDX23,COPS4,CFAP298
CTU2,DPAGT1,EEF2,CNOT3,CPSF6,CSE1L,DDX24,COPS5,CFL1
CUL1,DPH3,EFTUD2,COG1,CRCP,CSNK2B,DDX27,COPS6,CFLAR
CUL2,DTL,EIF1AD,COG3,CRNKL1,CSTF1,DDX41,COPS8,CHAF1A
CWC22,DTYMK,EIF1AX,COG8,CSE1L,CSTF3,DDX42,COPZ1,CHAF1B
CYC1,DUT,EIF2B1,COPA,CSNK1A1,CTCF,DDX46,COX17,CHCHD1
CYCS,DUX4,EIF2B2,COPB1,CSTF1,CTDP1,DDX47,CPSF1,CHCHD4
DAD1,DYNC1H1,EIF2B3,COPB2,CSTF3,CTNNBL1,DDX49,CPSF2,CHD4
DARS,DYNC1I2,EIF2S1,COPE,CTCF,CTR9,DDX5,CPSF3,CHEK1
DBR1,DYNLRB1,EIF2S3,COPG1,CTDP1,CWC22,DDX51,CPSF4,CHERP
DCLRE1B,EBNA1BP2,EIF3A,COPS2,CTNNBL1,DAD1,DDX54,CPSF6,CHMP2A
DCTN5,ECD,EIF3B,COPS3,CTR9,DAP3,DDX55,CRCP,CHMP3
DCTN6,ECT2,EIF3CL,COPS4,CTU2,DARS1,DDX56,CRKL,CHMP4B
DDB1,EEF1A1,EIF3D,COPS5,CWC22,DBF4,DDX59,CRNKL1,CHMP5
DDOST,EEF1G,EIF3E,COPS6,CWF19L2,DBR1,DDX6,CSE1L,CHMP6
DDX10,EEF2,EIF3G,COPS8,DAD1,DCTN2,DENR,CSNK1A1,CHMP7
DDX11,EFTUD2,EIF3I,COPZ1,DAP3,DCTN4,DGCR8,CSTF1,CHORDC1
DDX18,EIF1AD,EIF3M,COX17,DARS1,DCTN5,DHDDS,CSTF3,CIAO1
DDX21,EIF1AX,EIF4A1,COX20,DBF4,DCTN6,DHX15,CTCF,CIAO2B
DDX23,EIF2B1,EIF4A3,COX6A1,DBR1,DDB1,DHX16,CTDP1,CIAO3
DDX24,EIF2B2,EIF4E,COX7B,DCTN2,DDOST,DHX33,CTNNBL1,CIAPIN1
DDX27,EIF2B3,EIF5,CPSF1,DCTN3,DDX10,DHX36,CTR9,CINP
DDX3X,EIF2B4,EIF5A,CPSF2,DCTN4,DDX18,DHX37,CTU2,CIT
DDX41,EIF2S1,EIF6,CPSF3,DCTN5,DDX20,DHX38,CUL3,CKAP5
DDX42,EIF2S3,ELAC2,CPSF4,DCTN6,DDX21,DHX8,CWC22,CLNS1A
DDX47,EIF3A,ELL,CPSF6,DDB1,DDX23,DHX9,DAD1,CLP1
DDX49,EIF3B,ELOB,CRCP,DDOST,DDX24,DIMT1,DAP3,CLSPN
DDX51,EIF3CL,ELP1,CRKL,DDX10,DDX27,DIS3,DARS1,CLTC
DDX54,EIF3D,ELP3,CRLS1,DDX11,DDX41,DKC1,DBF4,CMPK1
DDX55,EIF3E,ELP5,CRNKL1,DDX18,DDX42,DMAP1,DBR1,CMTR1
DDX56,EIF3G,ELP6,CSE1L,DDX20,DDX46,DNAJA3,DCLRE1B,CNOT1
DHDDS,EIF3I,EMC3,CSNK1A1,DDX21,DDX47,DNAJC17,DCTN2,CNOT3
DHPS,EIF3M,EP400,CSNK2B,DDX23,DDX49,DNAJC8,DCTN3,COASY
DHX15,EIF4A1,EPRS,CSTF1,DDX24,DDX5,DNAJC9,DCTN4,COG1
DHX33,EIF4A3,ERCC2,CSTF3,DDX27,DDX51,DNM2,DCTN5,COG2
DHX37,EIF4E,ERH,CTCF,DDX41,DDX54,DNMT1,DCTN6,COG3
DHX8,EIF5,ESF1,CTDP1,DDX42,DDX55,DNTTIP2,DDB1,COG8
DIS3,EIF6,ESPL1,CTNNBL1,DDX46,DDX56,DONSON,DDOST,COPA
DKC1,ELL,ETF1,CTR9,DDX47,DDX59,DPAGT1,DDX10,COPB1
DMAP1,ELOB,EXOSC10,CTU2,DDX5,DDX6,DPH3,DDX11,COPB2
DNAJC17,ELP1,EXOSC2,CUL1,DDX51,DENR,DR1,DDX18,COPE
DNAJC9,ELP3,EXOSC4,CUL3,DDX52,DGCR8,DSN1,DDX20,COPG1
DNM2,ELP5,EXOSC5,CWC22,DDX54,DHDDS,DTL,DDX21,COPS2
DONSON,ELP6,EXOSC6,CWF19L2,DDX55,DHX15,DTYMK,DDX23,COPS3
DPAGT1,EMC1,EXOSC8,DAD1,DDX56,DHX16,DUT,DDX24,COPS4
DPH3,EMC3,FARSB,DAP3,DDX59,DHX33,DYNC1H1,DDX27,COPS5
DTL,EMC7,FAU,DARS1,DDX6,DHX36,DYNC1I2,DDX41,COPS6
DTYMK,EP400,FBL,DBF4,DENR,DHX37,DYNLRB1,DDX42,COPS8
DUT,EPRS,FBXO5,DBR1,DGCR8,DHX38,EAPP,DDX46,COPZ1
DUX4,ERH,FCF1,DCLRE1B,DHDDS,DHX8,EBNA1BP2,DDX47,COQ4
DYNC1H1,ESF1,FEN1,DCTN2,DHX15,DHX9,ECD,DDX49,COX17
DYNC1I2,ESPL1,FNTB,DCTN3,DHX16,DIMT1,ECT2,DDX5,COX6A1
DYNLRB1,ETF1,FOXD4,DCTN4,DHX33,DIS3,EEF1B2,DDX51,COX7B
EBNA1BP2,EWSR1,GAPDH,DCTN5,DHX36,DKC1,EEF1G,DDX52,COX7C
ECD,EXOSC10,GARS,DCTN6,DHX37,DMAP1,EEF2,DDX54,CPSF1
ECT2,EXOSC2,GEMIN5,DDB1,DHX38,DNAJA3,EEF2KMT,DDX55,CPSF2
EEF1A1,EXOSC4,GEMIN6,DDOST,DHX8,DNAJC17,EFL1,DDX56,CPSF3
EEF1G,EXOSC6,GGPS1,DDX10,DIMT1,DNAJC8,EFTUD2,DDX59,CPSF4
EEF2,EXOSC8,GGTLC2,DDX11,DIS3,DNM2,EIF1,DDX6,CPSF6
EFL1,FARSA,GINS1,DDX18,DKC1,DNMT1,EIF1AD,DENR,CRCP
EFTUD2,FARSB,GINS2,DDX20,DMAP1,DNTTIP2,EIF1AX,DGCR8,CRKL
EIF1AD,FAU,GINS3,DDX21,DNAJA3,DONSON,EIF2B1,DHDDS,CRLS1
EIF1AX,FBL,GINS4,DDX23,DNAJC17,DPAGT1,EIF2B2,DHX15,CRNKL1
EIF2B1,FBXO5,GMPS,DDX24,DNAJC8,DPH3,EIF2B3,DHX16,CSE1L
EIF2B2,FCF1,GNL2,DDX27,DNAJC9,DR1,EIF2B4,DHX33,CSNK1A1
EIF2B3,FEN1,GNL3L,DDX39B,DNMT1,DROSHA,EIF2B5,DHX36,CSNK2B
EIF2B4,FERMT2,GPKOW,DDX41,DNTTIP2,DSN1,EIF2S1,DHX37,CSTF1
EIF2S1,FGFR1OP,GPN1,DDX42,DONSON,DTL,EIF2S2,DHX38,CSTF3
EIF2S3,FNTB,GPN2,DDX46,DPAGT1,DTYMK,EIF2S3,DHX8,CTCF
EIF3A,FOXD4,GPN3,DDX47,DPH3,DUT,EIF3A,DHX9,CTDP1
EIF3B,FXN,GPS1,DDX49,DR1,DYNC1H1,EIF3B,DIMT1,CTNNBL1
EIF3CL,GAPDH,GRB2,DDX5,DSN1,DYNC1I2,EIF3D,DIS3,CTPS1
EIF3D,GEMIN5,GRPEL1,DDX51,DTL,DYNLRB1,EIF3E,DKC1,CTR9
EIF3E,GEMIN6,GRWD1,DDX52,DTYMK,EAPP,EIF3F,DMAP1,CTU2
EIF3F,GGPS1,GSPT1,DDX54,DUT,EBNA1BP2,EIF3G,DNAJA3,CUL1
EIF3G,GGTLC2,GTF2A2,DDX55,DYNC1H1,ECD,EIF3H,DNAJC17,CUL2
EIF3H,GINS1,GTF2B,DDX56,DYNC1I2,ECT2,EIF3I,DNAJC8,CUL3
EIF3I,GINS2,GTF2E1,DDX59,DYNLRB1,EEF1B2,EIF3M,DNAJC9,CWC22
EIF3M,GINS3,GTF2H4,DDX6,EAPP,EEF1G,EIF4A1,DNM2,CWF19L2
EIF4A1,GINS4,GTF3A,DENR,EBNA1BP2,EEF2,EIF4A3,DNMT1,CYCS
EIF4A3,GMPPB,GTPBP4,DGCR8,ECD,EEF2KMT,EIF4E,DNTTIP2,DAD1
EIF4E,GMPS,GUK1,DHDDS,EEF1G,EFL1,EIF4G1,DONSON,DAP3
EIF4G2,GNL2,HARS,DHPS,EEF2,EFTUD2,EIF4G2,DPAGT1,DARS1
EIF5,GNL3L,HAUS1,DHX15,EFL1,EIF1,EIF5,DPH3,DBF4
EIF5A,GOSR2,HAUS4,DHX16,EFTUD2,EIF1AD,EIF6,DR1,DBR1
EIF6,GPKOW,HAUS5,DHX33,EIF1,EIF1AX,ELAC2,DSN1,DCLRE1B
ELAC2,GPN1,HAUS6,DHX36,EIF1AD,EIF2B1,ELL,DTL,DCTN2
ELL,GPN2,HAUS7,DHX37,EIF1AX,EIF2B2,ELOB,DTYMK,DCTN3
ELOB,GPN3,HCFC1,DHX38,EIF2B1,EIF2B3,ELOC,DUT,DCTN4
ELP1,GPS1,HDAC3,DHX8,EIF2B2,EIF2B4,ELP1,DYNC1H1,DCTN5
ELP3,GRB2,HEATR1,DHX9,EIF2B3,EIF2B5,ELP6,DYNC1I2,DCTN6
ELP5,GRPEL1,HINFP,DIMT1,EIF2B4,EIF2S1,EP400,DYNLRB1,DDB1
ELP6,GRWD1,HIST1H2BJ,DIS3,EIF2B5,EIF2S2,EPRS1,EAPP,DDOST
EMC1,GSPT1,HMGCS1,DKC1,EIF2S1,EIF2S3,ERCC3,EBNA1BP2,DDX10
EMC3,GTF2A1,HNRNPH1,DMAP1,EIF2S2,EIF3A,ERH,ECD,DDX11
EMC7,GTF2A2,HNRNPK,DNAAF10,EIF2S3,EIF3B,ESF1,ECT2,DDX18
ENO1,GTF2B,HNRNPM,DNAJA3,EIF3A,EIF3D,ESPL1,EEF1B2,DDX20
EP400,GTF2E1,HSPA5,DNAJC17,EIF3B,EIF3E,ESS2,EEF1G,DDX21
EPRS,GTF2H4,HSPA9,DNAJC8,EIF3D,EIF3F,ETF1,EEF2,DDX23
ERCC2,GTF3A,HSPD1,DNAJC9,EIF3E,EIF3G,EWSR1,EEF2KMT,DDX24
ERH,GTPBP4,HSPE1,DNM2,EIF3F,EIF3H,EXOSC2,EFL1,DDX27
ESF1,GUK1,HTATSF1,DNMT1,EIF3G,EIF3I,EXOSC3,EFTUD2,DDX39B
ESPL1,HARS,HUWE1,DNTTIP2,EIF3I,EIF3J,EXOSC4,EIF1,DDX3X
ESS2,HAUS1,HYOU1,DONSON,EIF3J,EIF3M,EXOSC5,EIF1AD,DDX41
ETF1,HAUS5,IARS,DPAGT1,EIF3M,EIF4A1,EXOSC6,EIF1AX,DDX42
EWSR1,HAUS6,IARS2,DPH3,EIF4A1,EIF4A3,EXOSC7,EIF2B1,DDX46
EXOSC10,HAUS7,IGBP1,DR1,EIF4A3,EIF4B,EXOSC8,EIF2B2,DDX47
EXOSC2,HCFC1,IK,DROSHA,EIF4B,EIF4E,EXOSC9,EIF2B3,DDX49
EXOSC4,HDAC3,ILF2,DSN1,EIF4E,EIF4G1,FAM32A,EIF2B4,DDX5
EXOSC5,HEATR1,ILF3,DTL,EIF4G1,EIF4G2,FARSA,EIF2B5,DDX51
EXOSC6,HINFP,IMP3,DTYMK,EIF5,EIF5,FARSB,EIF2S1,DDX52
EXOSC7,HIST1H2BJ,IMP4,DUT,EIF5B,EIF5A,FAU,EIF2S2,DDX54
EXOSC8,HMGCS1,INCENP,DYNC1H1,EIF6,EIF5B,FBL,EIF2S3,DDX55
FAM50A,HNF1B,INTS1,DYNC1I2,ELAC2,EIF6,FBXO5,EIF3A,DDX56
FARSA,HNRNPC,INTS11,DYNLRB1,ELL,ELAC2,FCF1,EIF3B,DDX59
FARSB,HNRNPH1,INTS3,EAPP,ELOC,ELL,FDX2,EIF3D,DDX6
FAU,HNRNPK,INTS4,EBNA1BP2,ELP1,ELOB,FIP1L1,EIF3E,DENR
FBL,HNRNPU,INTS5,ECD,ELP3,ELOC,FNTA,EIF3F,DGCR8
FBXO5,HSPA5,INTS7,ECT2,ELP4,ELP1,FTSJ3,EIF3G,DHDDS
FCF1,HSPA9,INTS9,EEF1B2,ELP5,ELP3,GABPA,EIF3H,DHPS
FDXR,HSPD1,IPO11,EEF1G,ELP6,ELP4,GAPDH,EIF3I,DHX15
FEN1,HSPE1,IPO7,EEF2,ENY2,ELP6,GARS1,EIF3J,DHX16
FERMT2,HTATSF1,IPO9,EEF2KMT,EP400,EP400,GBF1,EIF3M,DHX33
FGFR1OP,HUWE1,ISCU,EFL1,EPRS1,EPOP,GEMIN4,EIF4A1,DHX36
FIP1L1,HYOU1,ISY1,EFTUD2,ERCC2,EPRS1,GEMIN5,EIF4A3,DHX37
FNTB,HYPK,KANSL3,EIF1,ERCC3,ERCC2,GGPS1,EIF4B,DHX38
FOXD4,IARS,KARS,EIF1AD,ERH,ERCC3,GGTLC2,EIF4E,DHX8
FXN,IK,KAT8,EIF1AX,ESCO2,ERH,GINS1,EIF4G1,DHX9
GAPDH,ILF2,KIF11,EIF2B1,ESF1,ESF1,GINS2,EIF4G2,DIMT1
GARS,ILF3,KIF18A,EIF2B2,ESPL1,ESPL1,GINS3,EIF5,DIS3
GBF1,IMP3,KIF23,EIF2B3,ESS2,ESS2,GINS4,EIF5A,DKC1
GEMIN4,IMP4,KIN,EIF2B4,ETF1,ETF1,GNL2,EIF5B,DMAP1
GEMIN5,INCENP,KPNB1,EIF2B5,EWSR1,EWSR1,GNL3,EIF6,DNAAF10
GEMIN6,INTS1,KRI1,EIF2S1,EXOC1,EXOC1,GNL3L,ELAC2,DNAJA3
GGPS1,INTS11,KRR1,EIF2S2,EXOC3,EXOC3,GOSR2,ELL,DNAJC11
GGTLC2,INTS3,KTI12,EIF2S3,EXOSC1,EXOSC1,GPKOW,ELOB,DNAJC17
GINS1,INTS4,LETM1,EIF3A,EXOSC2,EXOSC2,GPN1,ELOC,DNAJC8
GINS2,INTS5,LONP1,EIF3B,EXOSC3,EXOSC3,GPN2,ELP1,DNAJC9
GINS3,INTS9,LRR1,EIF3D,EXOSC4,EXOSC4,GPN3,ELP3,DNM1L
GINS4,IPO11,LSG1,EIF3E,EXOSC5,EXOSC5,GPS1,ELP5,DNM2
GMPPB,IPO7,LSM2,EIF3F,EXOSC6,EXOSC6,GRPEL1,ELP6,DNMT1
GMPS,IPO9,LSM3,EIF3G,EXOSC7,EXOSC7,GRWD1,EMC3,DNTTIP2
GNB1L,ISCU,LSM4,EIF3H,EXOSC8,EXOSC8,GSPT1,EP400,DONSON
GNL2,ISY1,LSM6,EIF3I,EXOSC9,EXOSC9,GTF2A1,EPRS1,DPAGT1
GNL3L,ITGAV,LSM7,EIF3J,FAM136A,FAM133B,GTF2A2,ERCC2,DPH3
GOSR2,JAZF1,LSM8,EIF3M,FAM32A,FAM136A,GTF2B,ERCC3,DR1
GPKOW,KANSL3,LTO1,EIF4A1,FARSA,FAM32A,GTF2E1,ERH,DROSHA
GPN1,KARS,LUC7L3,EIF4A3,FAU,FANCM,GTF2E2,ESF1,DSN1
GPN2,KIF11,LYRM4,EIF4B,FBL,FARSA,GTF2F1,ESPL1,DTL
GPN3,KIF18A,MAD2L2,EIF4E,FBXO5,FARSB,GTF2F2,ESS2,DTYMK
GPS1,KIF23,MAK16,EIF4G1,FCF1,FAU,GTF2H1,ETF1,DUT
GRB2,KIN,MARS,EIF4G2,FDPS,FBL,GTF2H3,EWSR1,DYNC1H1
GRPEL1,KPNB1,MARS2,EIF5,FERMT2,FBXO5,GTF3A,EXOC3,DYNC1I2
GRWD1,KRI1,MASTL,EIF5A,FIP1L1,FCF1,GTF3C1,EXOSC1,DYNLL1
GSPT1,KRR1,MAT2A,EIF5B,FNTA,FDX2,GTF3C2,EXOSC2,DYNLRB1
GTF2A1,KTI12,MCM2,EIF6,FTSJ3,FECH,GTPBP4,EXOSC3,EAPP
GTF2A2,LETM1,MCM4,ELAC2,GABPA,FIP1L1,GUK1,EXOSC4,EBNA1BP2
GTF2B,LONP1,MCM5,ELL,GABPB1,FNBP4,H2AC12,EXOSC5,ECD
GTF2E1,LRR1,MCM6,ELOB,GAPDH,FNTA,H2AC15,EXOSC6,ECT2
GTF2E2,LSM2,MCM7,ELOC,GAR1,FOXD4,H2AC16,EXOSC7,EEF1B2
GTF2H4,LSM3,MDN1,ELP1,GARS1,FTSJ3,H2AC17,EXOSC8,EEF1G
GTF3A,LSM6,MED11,ELP2,GBF1,GABPA,H2AC20,EXOSC9,EEF2
GTPBP4,LSM7,MED17,ELP3,GEMIN5,GAPDH,H2AC6,FAM133B,EEF2KMT
GUK1,LSM8,MED22,ELP4,GEMIN7,GAR1,H2BC11,FAM32A,EFL1
HARS,LTO1,MED26,ELP5,GEMIN8,GARS1,H2BC15,FARSA,EFTUD2
HARS2,LUC7L3,MED30,ELP6,GFER,GBF1,H2BC4,FARSB,EIF1
HAUS1,LYRM4,MED4,ENY2,GGTLC2,GEMIN2,H2BC6,FAU,EIF1AD
HAUS3,MAD2L2,MED6,EP400,GINS1,GEMIN4,H2BC9,FBL,EIF1AX
HAUS4,MAK16,MED8,EPOP,GINS2,GEMIN5,HARS1,FBXO5,EIF2B1
HAUS5,MARS,METTL16,EPRS1,GINS3,GEMIN6,HAUS1,FCF1,EIF2B2
HAUS6,MARS2,MFAP1,ERCC2,GINS4,GEMIN7,HAUS2,FDX2,EIF2B3
HAUS7,MASTL,MIS18A,ERCC3,GLE1,GFER,HAUS3,FERMT2,EIF2B4
HCFC1,MAT2A,MIS18BP1,ERH,GNL2,GGTLC2,HAUS4,FIP1L1,EIF2B5
HDAC3,MCM2,MMS19,ESF1,GNL3,GINS1,HAUS5,FNTA,EIF2S1
HEATR1,MCM3AP,MMS22L,ESPL1,GNL3L,GINS2,HAUS6,FOXD4,EIF2S2
HINFP,MCM4,MNAT1,ESS2,GOSR2,GINS3,HAUS7,FTSJ3,EIF2S3
HIRA,MCM5,MPHOSPH10,ETF1,GPKOW,GINS4,HAUS8,GABPA,EIF3A
HIST1H2BJ,MCM7,MRPL10,EWSR1,GPN1,GLE1,HCFC1,GABPB1,EIF3B
HIST1H2BL,MDM2,MRPL21,EXOC1,GPN2,GMPPB,HDAC3,GAPDH,EIF3D
HIST2H3D,MDN1,MRPL33,EXOC3,GPN3,GNL2,HEATR1,GAR1,EIF3E
HMGCS1,MED11,MRPL57,EXOC5,GPR61,GNL3,HINFP,GARS1,EIF3F
HNF1B,MED17,MRTO4,EXOSC1,GPS1,GNL3L,HJURP,GBF1,EIF3G
HNRNPC,MED22,MTBP,EXOSC2,GPX4,GON4L,HMGCR,GEMIN2,EIF3H
HNRNPH1,MED30,MTOR,EXOSC3,GRB2,GOSR2,HMGCS1,GEMIN4,EIF3I
HNRNPK,MED4,MTPAP,EXOSC4,GRPEL1,GPKOW,HNRNPC,GEMIN5,EIF3J
HNRNPM,MED6,MTREX,EXOSC5,GRWD1,GPN1,HNRNPK,GEMIN6,EIF3M
HNRNPU,MED8,MVD,EXOSC6,GSPT1,GPN2,HNRNPL,GEMIN7,EIF4A1
HSD17B10,METTL14,MVK,EXOSC7,GTF2A1,GPN3,HNRNPU,GET3,EIF4A3
HSPA5,METTL16,MYC,EXOSC8,GTF2A2,GPR61,HSPA5,GGPS1,EIF4B
HSPA9,METTL3,NAA10,EXOSC9,GTF2B,GPS1,HSPA8,GGTLC2,EIF4E
HSPD1,MFAP1,NAA15,FAM133B,GTF2E1,GRPEL1,HSPA9,GINS1,EIF4G1
HSPE1,MIS18A,NAA50,FAM32A,GTF2E2,GRWD1,HSPD1,GINS2,EIF4G2
HTATSF1,MIS18BP1,NACA,FANCM,GTF2F1,GSPT1,HSPE1,GINS3,EIF5
HUWE1,MMS19,NAE1,FARSA,GTF2H1,GTF2A1,HYOU1,GINS4,EIF5A
HYOU1,MMS22L,NAPA,FARSB,GTF2H3,GTF2A2,HYPK,GMPPB,EIF5B
HYPK,MNAT1,NARS,FAU,GTF2H4,GTF2B,IARS1,GMPS,EIF6
IARS,MOCS3,NAT10,FBL,GTF3A,GTF2E1,IARS2,GNL2,ELAC2
IARS2,MPHOSPH10,NCAPD2,FBXO5,GTF3C1,GTF2E2,ICE1,GNL3,ELL
IGBP1,MRGBP,NCAPD3,FCF1,GTF3C2,GTF2F1,IGBP1,GNL3L,ELOB
IK,MRPL21,NCAPG,FDPS,GTF3C4,GTF2F2,IK,GOSR2,ELOC
ILF2,MRTO4,NCAPG2,FDX2,GTPBP4,GTF2H1,ILF2,GPKOW,ELP1
ILF3,MTBP,NCAPH2,FEN1,H2AC12,GTF2H3,ILF3,GPN1,ELP2
IMP3,MTOR,NCBP1,FIP1L1,H2AC15,GTF2H4,IMP3,GPN2,ELP3
IMP4,MTREX,NCBP2,FNBP4,H2AC16,GTF3A,IMP4,GPN3,ELP4
INCENP,MVK,NDC80,FNTA,H2AC17,GTF3C1,INCENP,GPS1,ELP5
INTS1,MYC,NDOR1,FNTB,H2AC20,GTF3C2,INO80,GPX4,ELP6
INTS11,NAA10,NEDD1,FOXD4,H2AC4,GTF3C4,INTS1,GRB2,EMC3
INTS3,NAA15,NEDD8,FTSJ3,H2AC6,GTPBP4,INTS11,GRPEL1,EMC7
INTS4,NAA50,NELFB,GABPA,H2AZ1,GUK1,INTS2,GRWD1,ENY2
INTS5,NACA,NEPRO,GABPB1,H2BC11,H2AC12,INTS3,GSPT1,EP400
INTS6,NAPA,NFS1,GAPDH,H2BC15,H2AC15,INTS5,GTF2A1,EPOP
INTS7,NARS,NFYC,GAR1,H2BC4,H2AC16,INTS7,GTF2A2,EPRS1
INTS9,NAT10,NHLRC2,GARS1,H2BC5,H2AC17,INTS8,GTF2B,ERCC2
IPO11,NCAPD2,NIFK,GBF1,H2BC6,H2AC20,INTS9,GTF2E1,ERCC3
IPO13,NCAPD3,NIP7,GEMIN2,H2BC8,H2AC4,IPO11,GTF2E2,ERH
IPO7,NCAPG,NKAP,GEMIN4,H2BC9,H2AC6,IPO13,GTF2F1,ESF1
IPO9,NCAPG2,NLE1,GEMIN5,HAPLN2,H2AZ1,IPO7,GTF2F2,ESPL1
ISCA2,NCAPH2,NMD3,GEMIN6,HARS1,H2BC11,ISCU,GTF2H1,ESS2
ISCU,NCBP1,NOB1,GEMIN7,HAUS1,H2BC15,ISG20L2,GTF2H3,ETF1
ISY1,NCBP2,NOC3L,GEMIN8,HAUS2,H2BC4,ISY1,GTF2H4,EWSR1
ITGAV,NCL,NOC4L,GFER,HAUS3,H2BC5,KANSL1,GTF3A,EXOC1
JAZF1,NDC80,NOL10,GGPS1,HAUS4,H2BC6,KANSL2,GTF3C1,EXOC3
KANSL3,NDOR1,NOL6,GGTLC2,HAUS5,H2BC9,KANSL3,GTF3C2,EXOSC1
KARS,NEDD1,NOL9,GINS1,HAUS6,HAPLN2,KARS1,GTF3C4,EXOSC10
KAT8,NEDD8,NOP10,GINS2,HAUS7,HARS1,KAT8,GTPBP4,EXOSC2
KCMF1,NELFB,NOP14,GINS3,HAUS8,HAUS1,KCMF1,GUK1,EXOSC3
KIF11,NEPRO,NOP16,GINS4,HCFC1,HAUS2,KIF11,H2AC12,EXOSC4
KIF18A,NFS1,NOP2,GLE1,HDAC3,HAUS3,KIF18A,H2AC15,EXOSC5
KIF23,NHLRC2,NOP56,GMPPB,HEATR1,HAUS4,KIF23,H2AC16,EXOSC6
KIN,NIFK,NOP58,GNB1L,HGS,HAUS5,KIN,H2AC17,EXOSC7
KPNB1,NIP7,NOP9,GNL2,HINFP,HAUS6,KMT5A,H2AC20,EXOSC8
KRAS,NKAP,NPIPB6,GNL3,HMGA1,HAUS7,KNL1,H2AC6,EXOSC9
KRI1,NLE1,NPLOC4,GNL3L,HMGCR,HAUS8,KPNB1,H2AZ1,FAM133B
KRR1,NMD3,NRBP1,GON4L,HMGCS1,HCFC1,KRR1,H2BC11,FAM32A
KTI12,NOB1,NRDE2,GOSR2,HNRNPC,HDAC3,KRTAP4-2,H2BC15,FARSA
LAS1L,NOC3L,NRF1,GPATCH1,HNRNPH1,HEATR1,LARS1,H2BC4,FARSB
LETM1,NOC4L,NSA2,GPKOW,HNRNPK,HGS,LAS1L,H2BC5,FAU
LONP1,NOL10,NSF,GPN1,HNRNPL,HINFP,LONP1,H2BC6,FBL
LRR1,NOL6,NSMCE3,GPN2,HNRNPU,HJURP,LRR1,H2BC9,FBXO5
LSG1,NOL9,NUDT21,GPN3,HSCB,HMGA1,LSG1,HARS1,FCF1
LSM2,NOP10,NUF2,GPR61,HSP90B1,HMGCR,LSM11,HAUS1,FDPS
LSM3,NOP14,NUP133,GPS1,HSPA5,HMGCS1,LSM2,HAUS2,FDX2
LSM4,NOP16,NUP205,GRPEL1,HSPA9,HNRNPC,LSM3,HAUS3,FDXR
LSM6,NOP2,NUP43,GRWD1,HSPD1,HNRNPH1,LSM4,HAUS4,FECH
LSM7,NOP56,NUP85,GSPT1,HSPE1,HNRNPK,LSM5,HAUS5,FEN1
LSM8,NOP58,NUP88,GTF2A1,HTATSF1,HNRNPL,LSM6,HAUS6,FIP1L1
LTO1,NOP9,NUP93,GTF2A2,HUWE1,HNRNPU,LSM7,HAUS7,FNBP4
LUC7L3,NPIPB6,NUS1,GTF2B,HYOU1,HSP90B1,LSM8,HAUS8,FNTA
LYRM4,NPLOC4,NUTF2,GTF2E1,IARS1,HSPA5,LTO1,HCFC1,FNTB
MAD2L2,NRDE2,NVL,GTF2E2,IARS2,HSPA8,LTV1,HDAC3,FOXD4
MAK16,NSA2,NXF1,GTF2F1,ICE1,HSPA9,LUC7L3,HEATR1,FTSJ3
MARS,NSF,OGT,GTF2F2,IGBP1,HSPD1,LYRM4,HGS,FXN
MARS2,NSMCE3,OIP5,GTF2H1,IK,HSPE1,MAD2L1,HINFP,GABPA
MASTL,NUDC,ORC6,GTF2H3,ILF2,HTATSF1,MAD2L1BP,HIRA,GABPB1
MAT2A,NUDT21,OSGEP,GTF2H4,ILF3,HYOU1,MAGOH,HJURP,GAK
MBTPS2,NUF2,PABPN1,GTF3A,IMP3,HYPK,MAK16,HMGA1,GAPDH
MCM2,NUP133,PAFAH1B1,GTF3C1,IMP4,IARS1,MARS1,HMGCR,GAR1
MCM3AP,NUP205,PAK1IP1,GTF3C2,INCENP,IARS2,MASTL,HMGCS1,GARS1
MCM4,NUP43,PAM16,GTF3C3,INHBE,ICE1,MAT2A,HNRNPC,GBF1
MCM5,NUP85,PAXBP1,GTF3C4,INO80,IGBP1,MAX,HNRNPH1,GEMIN2
MCM6,NUP93,PCBP1,GTF3C5,INTS1,IK,MCM2,HNRNPK,GEMIN4
MCM7,NUS1,PCBP2,GTPBP4,INTS11,ILF2,MCM3,HNRNPL,GEMIN5
MDM2,NUTF2,PCF11,GUK1,INTS2,ILF3,MCM3AP,HNRNPM,GEMIN6
MDN1,NVL,PCID2,H2AC12,INTS3,IMMT,MCM4,HNRNPU,GEMIN7
MED1,NXF1,PCNA,H2AC15,INTS5,IMP3,MCM5,HSCB,GEMIN8
MED11,OGT,PDAP1,H2AC16,INTS7,IMP4,MCM6,HSPA5,GET3
MED12,OIP5,PDCD11,H2AC17,INTS8,IMPDH2,MCM7,HSPA8,GFER
MED14,ORC6,PDCD2,H2AC20,INTS9,INCENP,MCRS1,HSPA9,GFPT1
MED17,OSGEP,PDRG1,H2AC4,IPO11,INO80,MDN1,HSPD1,GGPS1
MED22,PABPN1,PELO,H2AC6,IPO13,INTS1,MED11,HSPE1,GGTLC2
MED26,PAFAH1B1,PELP1,H2AZ1,IPO7,INTS11,MED14,HTATSF1,GINS1
MED30,PAK1IP1,PES1,H2BC11,ISCU,INTS2,MED17,HUWE1,GINS2
MED4,PAM16,PFDN2,H2BC15,ISG20L2,INTS3,MED18,HYOU1,GINS3
MED6,PAXBP1,PFDN6,H2BC4,ISY1,INTS5,MED20,HYPK,GINS4
MED8,PCBP1,PGD,H2BC5,ITGAV,INTS7,MED21,IARS1,GLE1
MED9,PCBP2,PGK1,H2BC6,KANSL1,INTS8,MED22,IARS2,GMNN
MEPCE,PCF11,PGS1,H2BC8,KANSL2,INTS9,MED27,ICE1,GMPPB
METTL1,PCID2,PHB,H2BC9,KANSL3,IPO11,MED28,IGBP1,GMPS
METTL14,PCNA,PHB2,H3C8,KARS1,IPO13,MED29,IK,GNB1L
METTL16,PDAP1,PHF5A,HAPLN2,KAT8,IPO7,MED30,ILF2,GNL2
METTL3,PDCD11,PI4KA,HARS1,KCMF1,ISCU,MED31,ILF3,GNL3
MFAP1,PDCD2,PIK3C3,HAUS1,KIF11,ISG20L2,MED4,IMP3,GNL3L
MIS12,PDRG1,PKM,HAUS2,KIF18A,ISY1,MED6,IMP4,GOSR2
MIS18A,PELO,PKMYT1,HAUS3,KIF20A,KANSL1,MED7,INCENP,GPATCH1
MIS18BP1,PELP1,PLA2G10,HAUS4,KIF23,KANSL2,MED8,INO80,GPKOW
MMS19,PES1,PLK1,HAUS5,KIF4A,KANSL3,MEPCE,INTS1,GPN1
MMS22L,PFDN2,PLK4,HAUS6,KIN,KARS1,METTL16,INTS11,GPN2
MNAT1,PFDN6,PMF1,HAUS7,KMT5A,KAT5,MFAP1,INTS2,GPN3
MOCS3,PFN1,PMPCA,HAUS8,KNL1,KAT8,MIS12,INTS3,GPR61
MPHOSPH10,PGD,PMPCB,HCFC1,KPNB1,KCMF1,MIS18BP1,INTS5,GPS1
MRGBP,PGK1,POLD1,HDAC3,KRR1,KIF11,MMS22L,INTS7,GPX4
MRPL10,PGS1,POLD3,HEATR1,KRTAP4-2,KIF14,MPHOSPH10,INTS8,GRB2
MRPL15,PHB,POLE,HGS,LARS1,KIF23,MRPL34,INTS9,GRPEL1
MRPL21,PHB2,POLE2,HINFP,LAS1L,KIF4A,MRPL45,IPO11,GRWD1
MRPL27,PHF5A,POLR1A,HJURP,LCE2A,KIN,MRPS21,IPO13,GSPT1
MRPL33,PI4KA,POLR1B,HMGA1,LCE5A,KLC2,MRTO4,IPO7,GTF2A1
MRPL39,PIK3C3,POLR1C,HMGCR,LIN52,KMT5A,MTBP,ISCU,GTF2A2
MRPL4,PKM,POLR1E,HMGCS1,LLPH,KNL1,MTOR,ISG20L2,GTF2B
MRPL43,PKMYT1,POLR2B,HNRNPC,LRR1,KPNB1,MTREX,ISY1,GTF2E1
MRPL49,PLA2G10,POLR2C,HNRNPH1,LSG1,KRR1,MYC,ITGAV,GTF2E2
MRPL53,PLK1,POLR2D,HNRNPK,LSM11,KRTAP4-2,MZT1,KANSL1,GTF2F1
MRPL57,PLK4,POLR2E,HNRNPL,LSM2,LARS1,NAA10,KANSL2,GTF2F2
MRPS11,PMF1,POLR2F,HNRNPM,LSM3,LAS1L,NAA15,KANSL3,GTF2H1
MRPS21,PMPCA,POLR2G,HNRNPU,LSM4,LCE2A,NAA25,KARS1,GTF2H3
MRPS23,PMPCB,POLR2H,HSCB,LSM5,LCE5A,NAA50,KAT8,GTF2H4
MRPS6,POLA2,POLR2I,HSP90B1,LSM6,LETM1,NACA,KCMF1,GTF3A
MRTO4,POLD1,POLR2K,HSPA5,LSM7,LIN52,NAPA,KIF11,GTF3C1
MSTO1,POLD3,POLR2L,HSPA8,LSM8,LIN9,NARS1,KIF18A,GTF3C2
MTBP,POLE,POLR3A,HSPA9,LTO1,LONP1,NAT10,KIF23,GTF3C3
MTOR,POLE2,POLR3B,HSPD1,LTV1,LRR1,NCAPD2,KIF4A,GTF3C4
MTPAP,POLR1A,POLR3F,HSPE1,LUC7L3,LSG1,NCAPG,KIN,GTF3C5
MTREX,POLR1B,POLR3H,HTATSF1,LYRM4,LSM10,NCAPG2,KMT5A,GTPBP4
MVD,POLR1C,POLR3K,HUWE1,MAD2L1,LSM11,NCAPH,KNL1,GUK1
MVK,POLR1E,POP5,HYOU1,MAD2L1BP,LSM2,NCBP1,KPNB1,H2AC12
MYC,POLR2B,PPA1,HYPK,MAGOH,LSM3,NCBP2,KRR1,H2AC15
NAA10,POLR2C,PPAN,IARS1,MAK16,LSM4,NCL,KRTAP4-2,H2AC16
NAA15,POLR2D,PPP1R10,IARS2,MARS1,LSM5,NDC80,KTI12,H2AC17
NAA50,POLR2E,PPP1R12A,ICE1,MASTL,LSM6,NEDD1,LARS1,H2AC20
NACA,POLR2G,PPP1R2,IGBP1,MAT2A,LSM7,NEDD8,LAS1L,H2AC4
NAE1,POLR2H,PPP1R8,IK,MAX,LSM8,NELFA,LCE2A,H2AC6
NAPA,POLR2I,PPP2CA,ILF2,MBTD1,LTO1,NELFCD,LETM1,H2AX
NARS,POLR2K,PPP2R1A,ILF3,MCM10,LTV1,NEPRO,LIN52,H2AZ1
NAT10,POLR2L,PPP4C,IMMT,MCM2,LUC7L3,NFS1,LONP1,H2BC11
NCAPD2,POLR3A,PPP6C,IMP3,MCM3,LYRM4,NFYC,LRR1,H2BC15
NCAPD3,POLR3B,PPWD1,IMP4,MCM3AP,MAD2L1,NGDN,LSG1,H2BC4
NCAPG,POLR3F,PRC1,IMPDH2,MCM4,MAD2L1BP,NHP2,LSM11,H2BC5
NCAPG2,POLR3H,PRELID1,INCENP,MCM5,MAD2L2,NIFK,LSM2,H2BC6
NCAPH2,POLR3K,PRELID3B,INO80,MCM6,MAGOH,NIP7,LSM3,H2BC9
NCBP1,POP5,PRIM1,INTS1,MCM7,MAK16,NKAP,LSM4,HAPLN2
NCBP2,POP7,PRMT1,INTS11,MCRS1,MARS1,NLE1,LSM5,HARS1
NCL,PPA1,PRMT5,INTS2,MDN1,MASTL,NMD3,LSM6,HAUS1
NDC80,PPAN,PRPF19,INTS3,MED11,MAT2A,NOB1,LSM7,HAUS2
NDOR1,PPP1R10,PRPF31,INTS5,MED14,MAX,NOC2L,LSM8,HAUS3
NDUFS5,PPP1R11,PRPF38A,INTS7,MED17,MCM10,NOC4L,LTO1,HAUS4
NEDD1,PPP1R12A,PRPF38B,INTS8,MED18,MCM2,NOL10,LTV1,HAUS5
NEDD8,PPP1R2,PRPF4,INTS9,MED20,MCM3,NOL11,LUC7L3,HAUS6
NELFA,PPP1R8,PRPF6,IPO11,MED21,MCM3AP,NOL12,LYRM4,HAUS7
NELFB,PPP2CA,PRPF8,IPO13,MED22,MCM4,NOL6,MAD2L1,HAUS8
NEPRO,PPP2R1A,PSMA1,IPO7,MED26,MCM5,NOL7,MAD2L1BP,HCFC1
NFS1,PPP2R3C,PSMA2,ISCA2,MED27,MCM6,NOL8,MAD2L2,HDAC3
NFYC,PPP4C,PSMA3,ISCU,MED28,MCM7,NOL9,MAGOH,HEATR1
NHLRC2,PPWD1,PSMA4,ISG20L2,MED29,MCRS1,NOM1,MAK16,HGS
NHP2,PRC1,PSMA5,ISY1,MED30,MDN1,NOP10,MARS1,HINFP
NIFK,PRELID1,PSMA6,KANSL1,MED31,MED11,NOP14,MASTL,HIRA
NIP7,PRELID3B,PSMA7,KANSL2,MED4,MED14,NOP16,MAT2A,HJURP
NKAP,PRIM1,PSMB2,KANSL3,MED6,MED17,NOP2,MAX,HMGA1
NLE1,PRMT1,PSMB3,KARS1,MED7,MED18,NOP56,MCM10,HMGCR
NMD3,PRMT5,PSMB4,KAT5,MED8,MED20,NOP58,MCM2,HMGCS1
NMT1,PRPF19,PSMB5,KAT8,MEPCE,MED21,NOPCHAP1,MCM3,HNRNPC
NOB1,PRPF31,PSMB6,KCMF1,METAP2,MED22,NPAT,MCM3AP,HNRNPH1
NOC3L,PRPF38A,PSMC2,KIF11,METTL16,MED27,NPLOC4,MCM4,HNRNPK
NOC4L,PRPF38B,PSMC3,KIF14,MFAP1,MED28,NRDE2,MCM5,HNRNPL
NOL10,PRPF4,PSMC5,KIF18A,MIS12,MED29,NRF1,MCM6,HNRNPM
NOL6,PRPF6,PSMC6,KIF20A,MIS18BP1,MED30,NSA2,MCM7,HNRNPU
NOL9,PRPF8,PSMD1,KIF23,MLST8,MED31,NSF,MCRS1,HSCB
NOP10,PSMA1,PSMD11,KIF4A,MMS19,MED4,NSL1,MDM2,HSP90B1
NOP14,PSMA2,PSMD13,KIN,MMS22L,MED6,NUBP1,MDN1,HSPA5
NOP16,PSMA3,PSMD14,KLC2,MOB4,MED7,NUDC,MED11,HSPA8
NOP2,PSMA4,PSMD2,KMT5A,MOCS3,MED8,NUDT21,MED14,HSPA9
NOP56,PSMA5,PSMD3,KNL1,MPHOSPH10,MEPCE,NUF2,MED17,HSPD1
NOP58,PSMA6,PSMD4,KPNB1,MRPL27,METAP2,NUFIP1,MED18,HSPE1
NOP9,PSMA7,PSMD6,KRAS,MRPL34,METTL16,NUP107,MED20,HTATSF1
NPAT,PSMB2,PSMD7,KRR1,MRPL45,METTL17,NUP133,MED21,HUWE1
NPIPB6,PSMB3,PSMG3,KRTAP4-2,MRPS21,MFAP1,NUP155,MED22,HYOU1
NPLOC4,PSMB4,PSMG4,LARS1,MRPS5,MFN2,NUP160,MED26,HYPK
NRBP1,PSMB5,PTPN23,LAS1L,MRTO4,MIS12,NUP205,MED27,IARS1
NRDE2,PSMB6,PUF60,LCE2A,MTBP,MIS18BP1,NUP214,MED28,IARS2
NRF1,PSMC2,PWP2,LCE5A,MTFMT,MMS22L,NUP85,MED29,ICE1
NSA2,PSMC3,PYROXD1,LETM1,MTOR,MOCS3,NUP88,MED30,IGBP1
NSF,PSMC5,QARS,LIN52,MTREX,MPHOSPH10,NUP93,MED31,IK
NSMCE1,PSMC6,RABGGTA,LIN9,MYBBP1A,MRPL10,NUP98,MED4,ILF2
NSMCE3,PSMD1,RABGGTB,LONP1,MYC,MRPL27,NUS1,MED6,ILF3
NUDC,PSMD11,RACGAP1,LRR1,MZT1,MRPL34,NUTF2,MED7,IMP3
NUDT21,PSMD13,RACK1,LSG1,NAA10,MRPL35,NVL,MED8,IMP4
NUF2,PSMD14,RAD21,LSM10,NAA15,MRPL41,NXF1,MEPCE,IMPDH2
NUP133,PSMD2,RAD9A,LSM11,NAA25,MRPL45,OGT,METAP2,INCENP
NUP205,PSMD3,RAE1,LSM2,NAA50,MRPL49,OIP5,METTL14,ING3
NUP214,PSMD4,RAN,LSM3,NACA,MRPS10,ORC1,METTL16,INO80
NUP43,PSMD6,RANGAP1,LSM4,NAPA,MRPS18A,ORC6,METTL3,INTS1
NUP54,PSMD7,RBBP5,LSM5,NAPG,MRPS21,OSGEP,MFAP1,INTS11
NUP62,PSMG3,RBBP6,LSM6,NARS1,MRPS22,PABPC1,MFN2,INTS2
NUP85,PSMG4,RBBP8,LSM7,NAT10,MRPS5,PABPN1,MIS12,INTS3
NUP88,PTPN23,RBM14,LSM8,NCAPD2,MRTO4,PAF1,MIS18BP1,INTS5
NUP93,PUF60,RBM17,LTO1,NCAPD3,MTBP,PAFAH1B1,MLST8,INTS6
NUS1,PWP1,RBM19,LTV1,NCAPG,MTOR,PAK1IP1,MMS19,INTS7
NUTF2,PWP2,RBM22,LUC7L3,NCAPG2,MTREX,PAM16,MMS22L,INTS8
NVL,QARS,RBM25,LYRM4,NCAPH,MYBBP1A,PAXBP1,MOB4,INTS9
NXF1,RABGGTA,RBM28,MAD2L1,NCAPH2,MZT1,PCBP1,MOCS3,IPO11
OGT,RABGGTB,RBM39,MAD2L1BP,NCBP1,NAA15,PCBP2,MPHOSPH10,IPO13
OIP5,RACGAP1,RBM48,MAD2L2,NCBP2,NAA20,PCF11,MRGBP,IPO7
ORC6,RACK1,RBM8A,MAGOH,NCL,NAA25,PCID2,MRPL34,IPO9
OSGEP,RAD17,RCC1,MAK16,NDC80,NAA50,PCNA,MRPL45,ISCA2
OSTC,RAD21,RFC2,MARS1,NDOR1,NACA,PDCD11,MRPS21,ISCU
PABPC1,RAD9A,RFC3,MARS2,NDUFA13,NAPA,PDCD2,MRTO4,ISG20L2
PABPN1,RAE1,RFC5,MASTL,NDUFB3,NARS1,PDCD7,MTBP,ISY1
PAF1,RAN,RFT1,MAT2A,NEDD1,NAT10,PDPK1,MTOR,ITGAV
PAFAH1B1,RBBP4,RIOK2,MAX,NEDD8,NCAPD2,PDRG1,MTREX,KANSL1
PAK1IP1,RBBP5,RNF113A,MBTD1,NELFA,NCAPG,PES1,MVK,KANSL2
PAM16,RBBP6,RNGTT,MCM10,NELFCD,NCAPG2,PFDN2,MYBBP1A,KANSL3
PAXBP1,RBBP8,RNMT,MCM2,NEPRO,NCAPH,PFDN5,MYC,KARS1
PCBP1,RBM14,RNPC3,MCM3,NFS1,NCBP1,PFDN6,MZT1,KAT5
PCBP2,RBM17,RNPS1,MCM3AP,NFYB,NCBP2,PHAX,NAA10,KAT8
PCF11,RBM19,ROMO1,MCM4,NFYC,NCL,PHB1,NAA15,KCMF1
PCID2,RBM22,RPA1,MCM5,NGDN,NDC80,PHB2,NAA20,KDM2A
PCNA,RBM25,RPA2,MCM6,NHP2,NDUFA13,PHF5A,NAA25,KIF11
PDAP1,RBM39,RPA3,MCM7,NIFK,NDUFB3,PISD,NAA50,KIF14
PDCD11,RBM48,RPAIN,MCRS1,NIP7,NDUFB4,PKMYT1,NACA,KIF18A
PDCD2,RBM8A,RPAP1,MDN1,NKAP,NDUFB9,PLK1,NAPA,KIF20A
PDRG1,RCC1,RPAP2,MED11,NLE1,NEDD1,PLK4,NAPG,KIF23
PELO,RFC2,RPE,MED14,NMD3,NEDD8,PLRG1,NARS1,KIF4A
PELP1,RFC3,RPL10,MED17,NOB1,NELFCD,PMF1,NAT10,KIN
PES1,RFC5,RPL10A,MED18,NOC2L,NEPRO,PMPCA,NCAPD2,KMT5A
PFDN1,RFT1,RPL11,MED20,NOC4L,NFS1,PMPCB,NCAPD3,KNL1
PFDN2,RIOK1,RPL12,MED21,NOL10,NFYB,PNN,NCAPG,KPNB1
PFDN6,RIOK2,RPL13,MED22,NOL11,NFYC,PNO1,NCAPG2,KRAS
PFN1,RNF113A,RPL14,MED26,NOL12,NGDN,PNPT1,NCAPH,KRR1
PGD,RNGTT,RPL15,MED27,NOL6,NHP2,POLA1,NCAPH2,KRTAP4-2
PGK1,RNMT,RPL17,MED28,NOL8,NIFK,POLA2,NCBP1,KTI12
PGS1,RNPC3,RPL18,MED29,NOL9,NIP7,POLD1,NCBP2,LAMTOR2
PHB,ROMO1,RPL18A,MED30,NOM1,NKAP,POLD2,NCL,LAMTOR3
PHB2,RPA1,RPL19,MED31,NOP10,NLE1,POLD3,NDC80,LARS1
PHF5A,RPA2,RPL23,MED4,NOP14,NMD3,POLE,NDOR1,LAS1L
PI4KA,RPA3,RPL23A,MED6,NOP16,NOB1,POLE2,NEDD1,LCE2A
PIK3C3,RPAIN,RPL24,MED7,NOP2,NOC2L,POLR1A,NEDD8,LCE5A
PKM,RPAP1,RPL26,MED8,NOP56,NOC3L,POLR1B,NELFA,LETM1
PKMYT1,RPE,RPL27,MED9,NOP58,NOC4L,POLR1C,NELFCD,LIN52
PLA2G10,RPF2,RPL27A,MEPCE,NOP9,NOL10,POLR1F,NEPRO,LIN9
PLK1,RPL10,RPL3,METAP1,NOPCHAP1,NOL11,POLR1H,NFS1,LONP1
PLK4,RPL10A,RPL31,METAP2,NPAT,NOL12,POLR2B,NFYB,LRPPRC
PLRG1,RPL11,RPL32,METTL14,NPLOC4,NOL6,POLR2C,NFYC,LRR1
PMF1,RPL12,RPL35,METTL16,NRDE2,NOL7,POLR2D,NGDN,LSG1
PMPCA,RPL13,RPL36,METTL17,NRF1,NOL8,POLR2E,NHP2,LSM10
PMPCB,RPL14,RPL37,METTL3,NSA2,NOL9,POLR2F,NIFK,LSM11
PNPT1,RPL15,RPL37A,MFAP1,NSF,NOM1,POLR2G,NIP7,LSM2
POLA1,RPL17,RPL38,MFN2,NSL1,NOP10,POLR2H,NKAP,LSM3
POLA2,RPL18,RPL4,MIS12,NSMCE3,NOP14,POLR2I,NLE1,LSM4
POLD1,RPL18A,RPL5,MIS18A,NUBP1,NOP16,POLR2L,NMD3,LSM5
POLD3,RPL19,RPL6,MIS18BP1,NUDC,NOP2,POLR3A,NOB1,LSM6
POLE,RPL23,RPL7,MMS19,NUDT21,NOP56,POLR3B,NOC2L,LSM7
POLE2,RPL23A,RPL7A,MMS22L,NUF2,NOP58,POLR3C,NOC3L,LSM8
POLR1A,RPL24,RPL8,MOB4,NUFIP1,NOP9,POLR3E,NOC4L,LTO1
POLR1B,RPL26,RPL9,MOCS3,NUMA1,NOPCHAP1,POLR3F,NOL10,LTV1
POLR1C,RPL27,RPLP0,MPHOSPH10,NUP107,NPAT,POLR3H,NOL11,LUC7L3
POLR1E,RPL27A,RPLP2,MRGBP,NUP133,NPLOC4,POLR3K,NOL12,LYRM4
POLR2B,RPL3,RPN1,MRPL10,NUP153,NRBP1,POMP,NOL6,MAD2L1
POLR2C,RPL31,RPP14,MRPL27,NUP155,NRDE2,POP1,NOL8,MAD2L1BP
POLR2D,RPL32,RPP21,MRPL34,NUP160,NRF1,POP4,NOL9,MAD2L2
POLR2E,RPL34,RPP30,MRPL35,NUP205,NSA2,POP5,NOM1,MAGOH
POLR2F,RPL35,RPP40,MRPL36,NUP214,NSF,PPAN,NOP10,MAK16
POLR2G,RPL36,RPS11,MRPL4,NUP58,NSL1,PPIE,NOP14,MARS1
POLR2H,RPL37,RPS12,MRPL41,NUP85,NSMCE3,PPIL2,NOP16,MARS2
POLR2I,RPL37A,RPS13,MRPL45,NUP88,NSRP1,PPIL4,NOP2,MASTL
POLR2K,RPL38,RPS14,MRPL49,NUP93,NUBP1,PPP1CA,NOP56,MAT2A
POLR2L,RPL4,RPS15,MRPS10,NUP98,NUDC,PPP1CB,NOP58,MAX
POLR3A,RPL5,RPS15A,MRPS18A,NUS1,NUDT21,PPP1R10,NOP9,MBTPS1
POLR3B,RPL6,RPS16,MRPS21,NUTF2,NUF2,PPP1R11,NOPCHAP1,MCL1
POLR3E,RPL7,RPS17,MRPS22,NVL,NUFIP1,PPP1R12A,NPAT,MCM10
POLR3F,RPL7A,RPS18,MRPS5,NXF1,NUMA1,PPP1R7,NPLOC4,MCM2
POLR3H,RPL8,RPS19,MRTO4,OGT,NUP107,PPP1R8,NRBP1,MCM3
POLR3K,RPL9,RPS2,MTBP,OIP5,NUP133,PPP2CA,NRDE2,MCM3AP
POP5,RPLP0,RPS20,MTOR,ORC1,NUP153,PPP4C,NRF1,MCM4
POP7,RPLP1,RPS24,MTREX,ORC2,NUP155,PPWD1,NSA2,MCM5
POTEG,RPLP2,RPS25,MYBBP1A,ORC3,NUP160,PRC1,NSF,MCM6
PPA1,RPN1,RPS27A,MYC,ORC4,NUP205,PREB,NSL1,MCM7
PPAN,RPP14,RPS28,MZT1,ORC6,NUP214,PRELID1,NSMCE3,MCRS1
PPIL1,RPP21,RPS29,NAA15,OSGEP,NUP58,PRELID3B,NUBP1,MDN1
PPIL4,RPP30,RPS3,NAA20,PA2G4,NUP62,PRIM1,NUDC,MED1
PPP1R10,RPP40,RPS3A,NAA25,PABPC1,NUP85,PRMT1,NUDT21,MED11
PPP1R11,RPS11,RPS4X,NAA50,PABPN1,NUP88,PRMT5,NUF2,MED14
PPP1R12A,RPS12,RPS6,NACA,PAF1,NUP93,PRPF18,NUFIP1,MED17
PPP1R15B,RPS13,RPS8,NAPA,PAFAH1B1,NUP98,PRPF19,NUMA1,MED18
PPP1R2,RPS14,RPS9,NAPG,PAK1IP1,NUS1,PRPF3,NUP107,MED20
PPP1R8,RPS15,RRM1,NARS1,PAM16,NUTF2,PRPF31,NUP133,MED21
PPP2CA,RPS15A,RRM2,NASP,PAXBP1,NVL,PRPF38A,NUP153,MED22
PPP2R1A,RPS16,RRN3,NAT10,PCBP1,NXF1,PRPF38B,NUP155,MED26
PPP2R3C,RPS17,RRP12,NCAPD2,PCBP2,OGT,PRPF4,NUP160,MED27
PPP4C,RPS18,RRS1,NCAPG,PCF11,OIP5,PRPF40A,NUP205,MED28
PPP6C,RPS19,RSL1D1,NCAPG2,PCID2,ORC1,PRPF4B,NUP214,MED29
PPWD1,RPS2,RSL24D1,NCAPH,PCNA,ORC6,PRPF6,NUP43,MED30
PRC1,RPS20,RTCB,NCBP1,PDAP1,OSBP,PRPF8,NUP85,MED31
PRELID1,RPS23,RUVBL1,NCBP2,PDCD11,OSGEP,PSMA1,NUP88,MED4
PRELID3B,RPS24,RUVBL2,NCL,PDCD2,OXA1L,PSMA2,NUP93,MED6
PRIM1,RPS25,SACM1L,NDC80,PDCD7,PA2G4,PSMA3,NUP98,MED7
PRMT1,RPS27A,SAE1,NDOR1,PDPK1,PABPN1,PSMA4,NUS1,MED8
PRMT5,RPS28,SAP18,NDUFA13,PDRG1,PAF1,PSMA5,NUTF2,MED9
PRPF19,RPS29,SAP30BP,NDUFAB1,PELP1,PAFAH1B1,PSMA6,NVL,MEPCE
PRPF3,RPS3,SARS,NDUFAF8,PES1,PAICS,PSMA7,NXF1,METAP1
PRPF31,RPS3A,SART3,NDUFB10,PFDN2,PAK1IP1,PSMB1,OGT,METAP2
PRPF38A,RPS4X,SASS6,NDUFB3,PFDN5,PAM16,PSMB2,OIP5,METTL14
PRPF38B,RPS6,SBDS,NDUFB4,PFDN6,PAXBP1,PSMB3,ORC1,METTL16
PRPF4,RPS8,SBNO1,NDUFB9,PGGT1B,PCBP1,PSMB4,ORC6,METTL17
PRPF40A,RPS9,SCAP,NEDD1,PHAX,PCBP2,PSMB5,OSGEP,METTL3
PRPF6,RRM1,SCFD1,NEDD8,PHB1,PCF11,PSMB6,OXA1L,MFAP1
PRPF8,RRM2,SDE2,NELFA,PHB2,PCID2,PSMB7,PA2G4,MFN2
PSMA1,RRN3,SEC13,NELFB,PHF5A,PCNA,PSMC1,PABPC1,MIS12
PSMA2,RRP1,SEC61A1,NELFCD,PI4KA,PDAP1,PSMC2,PABPN1,MIS18A
PSMA3,RRP12,SEH1L,NELFE,PIP5K1A,PDCD11,PSMC3,PAF1,MIS18BP1
PSMA4,RRS1,SENP6,NEPRO,PISD,PDCD7,PSMC4,PAFAH1B1,MLST8
PSMA5,RSL1D1,SF1,NFS1,PKMYT1,PDPK1,PSMC5,PAK1IP1,MMS19
PSMA6,RSL24D1,SF3A1,NFYB,PLK1,PDRG1,PSMC6,PAM16,MMS22L
PSMA7,RTCB,SF3A2,NFYC,PLK4,PELP1,PSMD1,PAXBP1,MNAT1
PSMB2,RUVBL1,SF3A3,NGDN,PLRG1,PES1,PSMD11,PCBP1,MOB4
PSMB3,RUVBL2,SF3B1,NHP2,PMF1,PFDN2,PSMD12,PCBP2,MOCS3
PSMB4,SACM1L,SF3B2,NIFK,PMPCA,PFDN5,PSMD13,PCF11,MPHOSPH10
PSMB5,SAE1,SF3B3,NIP7,PMPCB,PFDN6,PSMD14,PCID2,MRGBP
PSMB6,SAP18,SF3B4,NKAP,PNN,PHAX,PSMD2,PCNA,MRPL10
PSMB7,SAP30BP,SF3B5,NLE1,PNO1,PHB1,PSMD3,PCYT1A,MRPL17
PSMC2,SARS,SFPQ,NMD3,PNPT1,PHB2,PSMD4,PDAP1,MRPL21
PSMC3,SART1,SGO1,NOB1,POLA1,PHF5A,PSMD6,PDCD11,MRPL27
PSMC5,SART3,SHQ1,NOC2L,POLA2,PI4KA,PSMD7,PDCD2,MRPL34
PSMC6,SASS6,SLC39A7,NOC3L,POLD1,PIK3R4,PSMD8,PDCD7,MRPL35
PSMD1,SBDS,SLC7A6OS,NOC4L,POLD2,PIP5K1A,PSMG3,PDPK1,MRPL36
PSMD11,SBNO1,SLU7,NOL10,POLD3,PISD,PSMG4,PDRG1,MRPL38
PSMD12,SCAP,SMARCB1,NOL11,POLE,PKM,PTPN23,PELP1,MRPL39
PSMD13,SCFD1,SMC1A,NOL12,POLE2,PKMYT1,PUF60,PES1,MRPL4
PSMD14,SDE2,SMC2,NOL6,POLR1A,PLK1,PWP1,PFDN2,MRPL41
PSMD2,SEC13,SMC3,NOL7,POLR1B,PLK4,PWP2,PFDN5,MRPL45
PSMD3,SEC61A1,SMC4,NOL8,POLR1C,PLRG1,QARS1,PFDN6,MRPL49
PSMD4,SEC61G,SMG1,NOL9,POLR1D,PMF1,RABGGTA,PFN1,MRPL53
PSMD6,SEH1L,SMG6,NOM1,POLR1E,PMPCA,RABGGTB,PGD,MRPL57
PSMD7,SENP6,SMNDC1,NOP10,POLR1F,PMPCB,RACGAP1,PHAX,MRPS10
PSMG2,SEPHS2,SMU1,NOP14,POLR1G,PNISR,RACK1,PHB1,MRPS11
PSMG3,SF1,SNAPC1,NOP16,POLR1H,PNN,RAD17,PHB2,MRPS12
PSMG4,SF3A1,SNAPC2,NOP2,POLR2B,PNO1,RAD21,PHF5A,MRPS14
PTPA,SF3A2,SNAPC3,NOP53,POLR2C,PNPT1,RAD51,PI4KA,MRPS16
PTPMT1,SF3A3,SNAPC5,NOP56,POLR2D,POLA1,RAD51C,PIK3C3,MRPS18A
PTPN23,SF3B1,SNRNP200,NOP58,POLR2E,POLA2,RAE1,PISD,MRPS21
PUF60,SF3B2,SNRNP25,NOP9,POLR2F,POLD1,RAN,PKMYT1,MRPS22
PWP1,SF3B3,SNRNP27,NOPCHAP1,POLR2G,POLD2,RANGAP1,PLK1,MRPS23
PWP2,SF3B4,SNRNP35,NPAT,POLR2H,POLD3,RARS1,PLK4,MRPS25
PYROXD1,SF3B5,SNRNP70,NPLOC4,POLR2I,POLE,RBBP4,PLRG1,MRPS34
QARS,SFPQ,SNRPA1,NRBP1,POLR2L,POLE2,RBBP5,PMF1,MRPS5
RAB6A,SGO1,SNRPB,NRDE2,POLR3A,POLR1A,RBBP6,PMPCA,MRTO4
RABGGTA,SHQ1,SNRPC,NRF1,POLR3B,POLR1B,RBBP8,PMPCB,MSTO1
RABGGTB,SLC39A7,SNRPD1,NSA2,POLR3C,POLR1C,RBM14,PNN,MTBP
RACGAP1,SLC7A6OS,SNRPD2,NSF,POLR3D,POLR1F,RBM17,PNO1,MTG2
RACK1,SLU7,SNRPD3,NSL1,POLR3E,POLR1H,RBM19,PNPT1,MTOR
RAD17,SMC1A,SNRPE,NSMCE3,POLR3F,POLR2B,RBM22,POLA1,MTPAP
RAD21,SMC2,SNRPF,NUBP1,POLR3H,POLR2C,RBM25,POLA2,MTREX
RAD51,SMC3,SNRPG,NUBP2,POLR3K,POLR2D,RBM39,POLD1,MVD
RAD51D,SMC4,SNU13,NUDC,POM121C,POLR2E,RBM48,POLD2,MVK
RAD9A,SMG1,SNW1,NUDT21,POP1,POLR2F,RBM8A,POLD3,MYBBP1A
RAE1,SMG6,SOD1,NUF2,POP4,POLR2G,RBMX,POLE,MYC
RAN,SMU1,SON,NUFIP1,POP5,POLR2H,RBMX2,POLE2,MYH9
RANGAP1,SNAPC1,SPATA5,NUMA1,POP7,POLR2I,RBMXL1,POLR1A,MZT1
RARS2,SNAPC2,SPATA5L1,NUP107,PPAN,POLR2L,RBX1,POLR1B,NAA10
RBBP4,SNAPC3,SPC24,NUP133,PPIE,POLR3A,RCC1,POLR1C,NAA15
RBBP5,SNAPC5,SPC25,NUP153,PPIL2,POLR3B,RCL1,POLR1E,NAA20
RBBP6,SNIP1,SPCS3,NUP155,PPIL4,POLR3C,RFC2,POLR1F,NAA25
RBBP8,SNRNP200,SPOUT1,NUP160,PPP1CA,POLR3E,RFC3,POLR1H,NAA35
RBM14,SNRNP25,SRBD1,NUP205,PPP1CB,POLR3F,RFC4,POLR2B,NAA50
RBM17,SNRNP27,SRP14,NUP214,PPP1R10,POLR3H,RFC5,POLR2C,NACA
RBM19,SNRNP35,SRP54,NUP43,PPP1R11,POLR3K,RFT1,POLR2D,NAE1
RBM22,SNRNP70,SRP72,NUP50,PPP1R12A,POMP,RHEB,POLR2E,NAPA
RBM25,SNRPA1,SRSF1,NUP54,PPP1R14B,POP1,RHOQ,POLR2F,NAPG
RBM28,SNRPB,SRSF11,NUP58,PPP1R2,POP4,RINT1,POLR2G,NARS1
RBM39,SNRPC,SRSF2,NUP62,PPP1R7,POP5,RIOK1,POLR2H,NAT10
RBM48,SNRPD1,SRSF3,NUP85,PPP1R8,PPAN,RIOK2,POLR2I,NBAS
RBM8A,SNRPD2,SRSF7,NUP88,PPP2R1A,PPAT,RNF113A,POLR2L,NCAPD2
RCC1,SNRPD3,SS18L2,NUP93,PPP4C,PPIE,RNF20,POLR3A,NCAPD3
RFC2,SNRPE,SSRP1,NUP98,PPWD1,PPIL2,RNGTT,POLR3B,NCAPG
RFC3,SNRPF,SSU72,NUS1,PRC1,PPIL4,RNMT,POLR3C,NCAPG2
RFC5,SNRPG,SUPT16H,NUTF2,PREB,PPP1CA,RNPC3,POLR3E,NCAPH
RFT1,SNU13,SUPT5H,NVL,PRELID1,PPP1CB,RNPS1,POLR3F,NCAPH2
RIC1,SNUPN,SUPT6H,NXF1,PRELID3B,PPP1R10,ROMO1,POLR3H,NCBP1
RIOK1,SNW1,SUPV3L1,OGDH,PRIM1,PPP1R11,RPA1,POLR3K,NCBP2
RIOK2,SOD1,SYF2,OGT,PRMT1,PPP1R14B,RPA2,POMP,NCL
RNF113A,SOD2,SYMPK,OIP5,PRMT5,PPP1R7,RPA3,POP1,NDC80
RNGTT,SON,SYS1,OPA1,PRPF18,PPP1R8,RPAIN,POP4,NDOR1
RNMT,SPATA5,TAF1C,ORC1,PRPF19,PPP4C,RPAP1,POP5,NDUFA13
RNPC3,SPATA5L1,TAF5,ORC3,PRPF3,PPWD1,RPAP2,POP7,NDUFAB1
RNPS1,SPC24,TAF6,ORC4,PRPF31,PRAC1,RPAP3,PPA1,NDUFAF8
ROMO1,SPC25,TAF7,ORC6,PRPF38A,PRC1,RPF1,PPAN,NDUFB10
RPA1,SPCS3,TAF8,OSBP,PRPF38B,PREB,RPF2,PPIE,NDUFB3
RPA2,SPOUT1,TAMM41,OSGEP,PRPF4,PRELID1,RPL10,PPIL2,NDUFB4
RPA3,SRBD1,TANGO6,OXA1L,PRPF40A,PRELID3B,RPL10A,PPIL4,NDUFB9
RPAIN,SRFBP1,TARDBP,PA2G4,PRPF4B,PRIM1,RPL11,PPP1CA,NDUFS2
RPAP1,SRP14,TARS,PABPC1,PRPF6,PRMT1,RPL12,PPP1CB,NDUFS5
RPAP2,SRP54,TARS2,PABPN1,PRPF8,PRMT5,RPL13,PPP1R10,NEDD1
RPE,SRP72,TBC1D3B,PAF1,PSMA1,PRPF18,RPL14,PPP1R11,NEDD8
RPF2,SRRM1,TBCB,PAFAH1B1,PSMA2,PRPF19,RPL17,PPP1R12A,NELFA
RPL10,SRSF1,TBCC,PAICS,PSMA3,PRPF3,RPL18,PPP1R15B,NELFB
RPL10A,SRSF11,TBCD,PAK1IP1,PSMA4,PRPF31,RPL18A,PPP1R2,NELFCD
RPL11,SRSF2,TBL3,PAM16,PSMA5,PRPF38A,RPL19,PPP1R7,NELFE
RPL12,SRSF3,TCP1,PAXBP1,PSMA6,PRPF38B,RPL23,PPP1R8,NEPRO
RPL13,SRSF7,TERF2,PCBP1,PSMA7,PRPF4,RPL24,PPP2CA,NFS1
RPL14,SS18L2,TFRC,PCBP2,PSMB1,PRPF40A,RPL26,PPP2R1A,NFYB
RPL15,SSRP1,THAP1,PCF11,PSMB2,PRPF4B,RPL27,PPP4C,NFYC
RPL17,SSU72,THOC1,PCID2,PSMB3,PRPF6,RPL27A,PPP4R2,NGDN
RPL18,SUPT16H,THOC2,PCNA,PSMB4,PRPF8,RPL28,PPWD1,NHLRC2
RPL18A,SUPT5H,THOC3,PCYT1A,PSMB7,PRR13,RPL3,PRC1,NHP2
RPL19,SUPT6H,THOC5,PDAP1,PSMC1,PSMA1,RPL30,PREB,NIFK
RPL23,SUPV3L1,THOC7,PDCD11,PSMC2,PSMA2,RPL31,PRELID1,NIP7
RPL23A,SYF2,TICRR,PDCD2,PSMC3,PSMA3,RPL32,PRELID3B,NKAP
RPL24,SYMPK,TIMELESS,PDCD7,PSMC4,PSMA4,RPL35,PRIM1,NLE1
RPL26,SYS1,TIMM10,PDE4DIP,PSMC5,PSMA5,RPL36,PRMT1,NMD3
RPL27,TAF1C,TIMM8A,PDPK1,PSMC6,PSMA6,RPL36AL,PRMT5,NMT1
RPL27A,TAF5,TINF2,PDRG1,PSMD1,PSMA7,RPL37,PRPF18,NOB1
RPL3,TAF6,TMA16,PELO,PSMD11,PSMB1,RPL37A,PRPF19,NOC2L
RPL31,TAF7,TNPO3,PELP1,PSMD12,PSMB2,RPL38,PRPF3,NOC3L
RPL32,TAF8,TOMM22,PES1,PSMD13,PSMB3,RPL4,PRPF31,NOC4L
RPL34,TAMM41,TOMM40,PFDN2,PSMD14,PSMB4,RPL5,PRPF38A,NOL10
RPL35,TANGO6,TONSL,PFDN5,PSMD2,PSMB5,RPL7,PRPF38B,NOL11
RPL36,TARDBP,TOP2A,PFDN6,PSMD3,PSMB6,RPL7A,PRPF4,NOL12
RPL37,TARS,TOP3A,PFN1,PSMD4,PSMB7,RPL8,PRPF40A,NOL6
RPL37A,TBC1D3B,TPR,PGGT1B,PSMD6,PSMC1,RPLP0,PRPF4B,NOL7
RPL38,TBCB,TPX2,PHAX,PSMD7,PSMC2,RPLP1,PRPF6,NOL8
RPL4,TBCC,TRAIP,PHB1,PSMD8,PSMC3,RPLP2,PRPF8,NOL9
RPL5,TBL3,TRAPPC1,PHB2,PSMG3,PSMC4,RPN1,PSMA1,NOM1
RPL6,TCP1,TRAPPC11,PHF5A,PTPN11,PSMC5,RPP14,PSMA2,NOP10
RPL7,TERF1,TRAPPC3,PI4KA,PTPN23,PSMC6,RPP30,PSMA3,NOP14
RPL7A,TERF2,TRAPPC4,PIK3R4,PUF60,PSMD1,RPP38,PSMA4,NOP16
RPL8,TFRC,TRAPPC8,PIP5K1A,PWP1,PSMD11,RPS11,PSMA5,NOP2
RPL9,THAP1,TRIAP1,PISD,PWP2,PSMD12,RPS12,PSMA6,NOP53
RPLP0,THOC1,TRMT112,PKM,PYROXD1,PSMD13,RPS13,PSMA7,NOP56
RPLP1,THOC7,TRNT1,PKMYT1,QARS1,PSMD14,RPS14,PSMB1,NOP58
RPLP2,TICRR,TRRAP,PLK1,RAB1B,PSMD2,RPS15,PSMB2,NOP9
RPN1,TIMELESS,TSR1,PLK4,RABGGTA,PSMD3,RPS15A,PSMB3,NOPCHAP1
RPN2,TIMM10,TSR2,PLRG1,RABGGTB,PSMD4,RPS16,PSMB4,NPAT
RPP14,TIMM8A,TTC27,PMF1,RAC1,PSMD6,RPS18,PSMB5,NPLOC4
RPP21,TINF2,TTI1,PMPCA,RACGAP1,PSMD7,RPS19,PSMB6,NRBP1
RPP30,TLN1,TTI2,PMPCB,RACK1,PSMD8,RPS20,PSMB7,NRDE2
RPP40,TMA16,TUBB,PNISR,RAD1,PSMG3,RPS21,PSMC1,NRF1
RPS11,TMEM258,TUBG1,PNN,RAD17,PSMG4,RPS23,PSMC2,NSA2
RPS12,TNPO3,TUBGCP2,PNO1,RAD21,PTCD3,RPS24,PSMC3,NSF
RPS13,TOMM22,TUBGCP3,PNPT1,RAD51,PTPN23,RPS25,PSMC4,NSL1
RPS14,TOMM40,TUBGCP4,POLA1,RAD51C,PUF60,RPS27A,PSMC5,NSMCE3
RPS15,TONSL,TUBGCP5,POLA2,RAE1,PWP1,RPS29,PSMC6,NSRP1
RPS15A,TOP2A,TUT1,POLD1,RAN,PWP2,RPS3,PSMD1,NUBP1
RPS16,TOP3A,TWISTNB,POLD2,RANBP2,QARS1,RPS4X,PSMD11,NUBP2
RPS17,TOPBP1,TXN,POLD3,RANGAP1,RABGGTA,RPS5,PSMD12,NUDC
RPS18,TPX2,TXNL4A,POLE,RAP1B,RABGGTB,RPS6,PSMD13,NUDCD3
RPS19,TRAIP,U2AF2,POLE2,RARS1,RAC1,RPS7,PSMD14,NUDT21
RPS2,TRAPPC1,U2SURP,POLR1A,RBBP4,RACGAP1,RPS8,PSMD2,NUF2
RPS20,TRAPPC11,UBA1,POLR1B,RBBP5,RACK1,RPS9,PSMD3,NUFIP1
RPS23,TRAPPC3,UBA2,POLR1C,RBBP6,RAD1,RPTOR,PSMD4,NUMA1
RPS24,TRAPPC4,UBA3,POLR1D,RBBP8,RAD17,RRM1,PSMD6,NUP107
RPS25,TRAPPC8,UBC,POLR1E,RBM14,RAD21,RRM2,PSMD7,NUP133
RPS27A,TRIAP1,UBE2I,POLR1F,RBM17,RAD51,RRP1,PSMD8,NUP153
RPS28,TRMT112,UBE2M,POLR1H,RBM19,RAD51C,RRP12,PSMG3,NUP155
RPS29,TRNT1,UBE2N,POLR2B,RBM22,RAE1,RRP15,PSMG4,NUP160
RPS3,TRRAP,UBL5,POLR2C,RBM25,RAN,RRP7A,PTK2,NUP205
RPS3A,TSR1,UBR4,POLR2D,RBM28,RANBP2,RRP9,PTPN11,NUP214
RPS4X,TSR2,UBTF,POLR2E,RBM39,RANGAP1,RRS1,PTPN23,NUP43
RPS5,TTC27,UFD1,POLR2F,RBM42,RAP1B,RSL1D1,PUF60,NUP50
RPS6,TTC4,UPF1,POLR2G,RBM48,RARS1,RTF1,PWP1,NUP54
RPS8,TTI1,UPF2,POLR2H,RBM8A,RBBP4,RTF2,PWP2,NUP58
RPS9,TTI2,UQCRH,POLR2I,RBMX,RBBP5,RUVBL1,PYROXD1,NUP62
RPTOR,TUBB,URB1,POLR2L,RBMX2,RBBP6,RUVBL2,QARS1,NUP85
RRM1,TUBG1,URI1,POLR3A,RBMXL1,RBBP8,SACM1L,RAB7A,NUP88
RRM2,TUBGCP2,USP36,POLR3B,RBX1,RBM14,SAE1,RABGGTA,NUP93
RRN3,TUBGCP3,USP5,POLR3C,RCC1,RBM17,SAP18,RABGGTB,NUP98
RRP1,TUBGCP4,USP9X,POLR3E,RCL1,RBM19,SAP30BP,RAC1,NUS1
RRP12,TUBGCP5,USPL1,POLR3F,RELA,RBM22,SARS1,RACGAP1,NUTF2
RRP15,TUT1,UTP15,POLR3H,RFC1,RBM25,SART1,RACK1,NVL
RRS1,TWISTNB,UTP20,POLR3K,RFC2,RBM28,SART3,RAD1,NXF1
RSL1D1,TXN,UTP3,POM121C,RFC3,RBM39,SBDS,RAD17,OGDH
RSL24D1,TXNL4A,UTP4,POMP,RFC4,RBM42,SBNO1,RAD21,OGT
RTCB,U2AF2,VARS,POP1,RFC5,RBM48,SCFD1,RAD51,OIP5
RTF2,UBA1,VCP,POP4,RHEB,RBM8A,SDAD1,RAD51C,OPA1
RTTN,UBA2,VHL,POP5,RHOQ,RBMX,SDE2,RAD9A,ORC1
RUVBL1,UBA3,VIRMA,POP7,RINT1,RBMX2,SDHC,RAE1,ORC3
RUVBL2,UBC,VPS13D,PPA1,RIOK1,RBMXL1,SEC13,RAN,ORC6
SACM1L,UBE2I,VPS18,PPAN,RIOK2,RBX1,SEC61A1,RANBP2,OSBP
SAE1,UBE2M,VPS25,PPAT,RMI1,RCC1,SEC61G,RANGAP1,OSGEP
SAP18,UBL5,VPS28,PPIE,RNF113A,RCL1,SEH1L,RARS1,OXA1L
SAP30BP,UBR4,VPS33A,PPIL2,RNF20,REV3L,SEM1,RBBP4,PA2G4
SARS,UBTF,VPS41,PPIL4,RNGTT,RFC1,SENP6,RBBP5,PABPC1
SART1,UFD1,WARS,PPP1CA,RNMT,RFC2,SETD1A,RBBP6,PABPN1
SART3,UFM1,WBP11,PPP1CB,RNPC3,RFC3,SF1,RBBP8,PAF1
SASS6,UNC50,WDHD1,PPP1R10,RNPS1,RFC4,SF3A1,RBM14,PAFAH1B1
SBDS,UPF1,WDR1,PPP1R11,ROMO1,RFC5,SF3A2,RBM17,PAICS
SBNO1,UPF2,WDR12,PPP1R12A,RPA1,RFT1,SF3A3,RBM19,PAK1IP1
SCAP,UQCRH,WDR18,PPP1R14B,RPA2,RHEB,SF3B1,RBM22,PAM16
SCFD1,URB1,WDR3,PPP1R15B,RPA3,RHOQ,SF3B2,RBM25,PAXBP1
SDE2,URM1,WDR43,PPP1R7,RPAIN,RINT1,SF3B3,RBM39,PCBP1
SDHD,USP36,WDR5,PPP1R8,RPAP1,RIOK1,SF3B4,RBM42,PCBP2
SEC13,USP5,WDR55,PPP2CA,RPAP2,RIOK2,SF3B5,RBM8A,PCF11
SEC61A1,USP7,WDR7,PPP4C,RPAP3,RNF113A,SF3B6,RBMX,PCID2
SEC61G,USPL1,WDR74,PPWD1,RPE,RNF20,SFPQ,RBMX2,PCNA
SEH1L,UTP15,WDR75,PRC1,RPF1,RNGTT,SFSWAP,RBMXL1,PCYT1A
SEM1,UTP20,WDR77,PREB,RPF2,RNMT,SGO1,RBX1,PDAP1
SENP6,UTP3,WDR82,PRELID1,RPL10A,RNPC3,SIN3A,RCC1,PDCD11
SEPHS2,UTP4,WDR92,PRELID3B,RPL11,RNPS1,SKA2,RCL1,PDCD2
SEPSECS,VARS,WEE1,PRIM1,RPL12,ROMO1,SKA3,RFC2,PDCD7
SETD1A,VCP,WNK1,PRMT1,RPL13,RPA1,SKIC8,RFC3,PDE4DIP
SF1,VPS13D,XAB2,PRMT5,RPL14,RPA2,SKP1,RFC4,PDPK1
SF3A1,VPS18,XPO1,PRPF18,RPL17,RPA3,SLBP,RFC5,PDRG1
SF3A2,VPS25,XRCC6,PRPF19,RPL18,RPAP1,SLC35B1,RFT1,PELO
SF3A3,VPS28,XRN2,PRPF3,RPL18A,RPAP2,SLC39A7,RHEB,PELP1
SF3B1,VPS33A,YARS,PRPF31,RPL19,RPAP3,SLC7A6OS,RHOQ,PES1
SF3B2,VPS41,YARS2,PRPF38A,RPL23,RPF1,SLU7,RINT1,PFDN1
SF3B3,WARS,YJU2,PRPF38B,RPL24,RPF2,SMC1A,RIOK1,PFDN2
SF3B4,WBP11,YKT6,PRPF39,RPL26,RPL10,SMC2,RIOK2,PFDN5
SF3B5,WDHD1,YRDC,PRPF4,RPL26L1,RPL10A,SMC3,RNF113A,PFDN6
SFPQ,WDR12,ZBTB11,PRPF40A,RPL27,RPL11,SMC4,RNF20,PFN1
SGO1,WDR18,ZMAT2,PRPF4B,RPL27A,RPL12,SMC5,RNGTT,PGD
SHQ1,WDR3,ZMAT5,PRPF6,RPL28,RPL13,SMC6,RNMT,PGGT1B
SKA3,WDR43,ZNF830,PRPF8,RPL3,RPL14,SMG5,RNPC3,PGK1
SLC39A7,WDR5,ZNHIT2,PSMA1,RPL30,RPL17,SMG6,RNPS1,PGS1
SLC7A6OS,WDR55,ZPR1,PSMA2,RPL31,RPL18,SMNDC1,ROMO1,PHAX
SLU7,WDR7,ZRSR2,PSMA3,RPL32,RPL18A,SMU1,RPA1,PHB1
SMARCB1,WDR74,AAMP,PSMA4,RPL35,RPL19,SNAPC1,RPA2,PHB2
SMC1A,WDR75,AARS,PSMA5,RPL36,RPL22,SNAPC2,RPA3,PHF5A
SMC2,WDR77,ABCB7,PSMA6,RPL36AL,RPL23,SNAPC3,RPAIN,PI4KA
SMC3,WDR82,ABCE1,PSMA7,RPL37,RPL24,SNAPC4,RPAP1,PIK3C3
SMC4,WEE1,ACTL6A,PSMB1,RPL37A,RPL26,SNAPC5,RPAP2,PIK3R4
SMG1,WNK1,ACTR10,PSMB2,RPL38,RPL26L1,SNF8,RPAP3,PIP5K1A
SMG5,XAB2,ACTR2,PSMB3,RPL4,RPL27,SNRNP200,RPE,PISD
SMG6,XPO1,AFG3L2,PSMB4,RPL5,RPL27A,SNRNP25,RPF1,PKM
SMNDC1,XRCC6,AHCTF1,PSMB5,RPL7,RPL28,SNRNP27,RPF2,PKMYT1
SMU1,XRN2,ALG11,PSMB6,RPL7A,RPL3,SNRNP35,RPL10,PLK1
SNAP23,YARS,ALG1L,PSMB7,RPL8,RPL30,SNRNP70,RPL10A,PLK4
SNAPC1,YARS2,ALG2,PSMC1,RPLP0,RPL31,SNRPA1,RPL11,PLRG1
SNAPC2,YEATS4,ANAPC1,PSMC2,RPLP1,RPL32,SNRPB,RPL12,PMF1
SNAPC3,YJU2,ANAPC10,PSMC3,RPLP2,RPL35,SNRPC,RPL13,PMPCA
SNAPC5,YKT6,ANAPC11,PSMC4,RPN1,RPL36,SNRPD1,RPL14,PMPCB
SNF8,YRDC,ANAPC2,PSMC5,RPP14,RPL36AL,SNRPD2,RPL17,PNN
SNIP1,ZBTB11,ANAPC4,PSMC6,RPP21,RPL37,SNRPF,RPL18,PNO1
SNRNP200,ZMAT2,ANAPC5,PSMD1,RPP30,RPL37A,SNU13,RPL18A,PNPT1
SNRNP25,ZMAT5,AQR,PSMD11,RPP38,RPL38,SNUPN,RPL19,POLA1
SNRNP27,ZNF131,ARCN1,PSMD12,RPP40,RPL4,SNW1,RPL23,POLA2
SNRNP35,ZNF207,ARIH1,PSMD13,RPS11,RPL5,SOD1,RPL24,POLD1
SNRNP40,ZNF559,ARL2,PSMD14,RPS12,RPL7,SON,RPL26,POLD2
SNRNP70,ZNF830,ATP2A2,PSMD2,RPS13,RPL7A,SPATA5,RPL27,POLD3
SNRPA1,ZNHIT2,ATP5A1,PSMD3,RPS14,RPL8,SPATA5L1,RPL27A,POLE
SNRPB,ZNRD1,ATP6V0C,PSMD4,RPS15,RPLP0,SPC24,RPL28,POLE2
SNRPC,ZPR1,ATP6V0D1,PSMD6,RPS15A,RPLP1,SPC25,RPL3,POLR1A
SNRPD1,,ATP6V1A,PSMD7,RPS16,RPLP2,SPCS2,RPL30,POLR1B
SNRPD2,,ATP6V1B2,PSMD8,RPS18,RPN1,SPCS3,RPL31,POLR1C
SNRPD3,,ATP6V1D,PSMG3,RPS19,RPP14,SPDL1,RPL32,POLR1E
SNRPE,,ATP6V1E1,PSMG4,RPS19BP1,RPP21,SPDYE1,RPL35,POLR1F
SNRPF,,ATR,PTCD3,RPS20,RPP30,SPOUT1,RPL36,POLR1H
SNRPG,,AURKB,PTPN11,RPS21,RPP38,SPRTN,RPL36AL,POLR2B
SNU13,,BANF1,PTPN23,RPS23,RPP40,SRBD1,RPL37,POLR2C
SNUPN,,BCAS2,PUF60,RPS24,RPS11,SRCAP,RPL37A,POLR2D
SNW1,,BCL2L2-PABPN1,PWP1,RPS25,RPS12,SRP19,RPL38,POLR2E
SOD1,,BIRC5,PWP2,RPS27A,RPS13,SRP54,RPL4,POLR2F
SOD2,,BRF1,PYROXD1,RPS29,RPS14,SRP68,RPL5,POLR2G
SON,,BRF2,QARS1,RPS3,RPS15,SRP72,RPL7,POLR2H
SOX10,,BUB3,RABGGTA,RPS4X,RPS15A,SRP9,RPL7A,POLR2I
SPATA5,,BUD31,RABGGTB,RPS5,RPS16,SRPRA,RPL8,POLR2L
SPATA5L1,,BYSL,RAC1,RPS6,RPS18,SRRM1,RPLP0,POLR3A
SPC24,,C21orf59,RACGAP1,RPS7,RPS19,SRRT,RPLP1,POLR3B
SPC25,,C9orf114,RACK1,RPS8,RPS19BP1,SRSF1,RPLP2,POLR3C
SPCS2,,CARS,RAD1,RPS9,RPS20,SRSF11,RPN1,POLR3D
SPCS3,,CBWD1,RAD17,RPTOR,RPS21,SRSF2,RPN2,POLR3E
SPOUT1,,CCDC94,RAD21,RRM1,RPS23,SRSF3,RPP14,POLR3F
SRBD1,,CCNA2,RAD51,RRM2,RPS24,SRSF7,RPP21,POLR3H
SRFBP1,,CCNK,RAD51C,RRP1,RPS25,SS18L2,RPP30,POLR3K
SRP14,,CCT2,RAE1,RRP12,RPS27A,SSRP1,RPP38,POLRMT
SRP54,,CCT3,RAN,RRP15,RPS29,SSU72,RPP40,POM121C
SRP72,,CCT4,RANBP2,RRP7A,RPS3,STX18,RPS11,POMP
SRRM1,,CCT5,RANGAP1,RRP9,RPS4X,STX5,RPS12,POP1
SRSF1,,CCT6A,RARS1,RRS1,RPS5,SUDS3,RPS13,POP4
SRSF11,,CCT7,RBBP4,RSL1D1,RPS6,SUGP1,RPS14,POP5
SRSF2,,CCT8,RBBP5,RSPH9,RPS7,SUGT1,RPS15,POP7
SRSF3,,CDC123,RBBP6,RTEL1,RPS8,SUPT16H,RPS15A,PPA1
SRSF7,,CDC16,RBBP8,RTF1,RPS9,SUPT5H,RPS16,PPAN
SS18L2,,CDC20,RBM14,RTF2,RPTOR,SUPT6H,RPS18,PPAT
SSRP1,,CDC23,RBM17,RUVBL1,RRM1,SUPV3L1,RPS19,PPIE
SSU72,,CDC27,RBM19,RUVBL2,RRM2,SYF2,RPS20,PPIL1
STRAP,,CDC37,RBM22,SACM1L,RRP1,SYMPK,RPS21,PPIL2
STX18,,CDC45,RBM25,SAE1,RRP12,SYS1,RPS23,PPIL4
STX5,,CDC5L,RBM28,SAP18,RRP15,TAF1,RPS24,PPP1CA
SUPT16H,,CDC6,RBM39,SAP30BP,RRP7A,TAF10,RPS25,PPP1CB
SUPT5H,,CDC7,RBM42,SARS1,RRP9,TAF12,RPS27A,PPP1R10
SUPT6H,,CDC73,RBM48,SART1,RRS1,TAF1A,RPS29,PPP1R11
SUPV3L1,,CDK1,RBM8A,SART3,RSL1D1,TAF1B,RPS3,PPP1R12A
SYF2,,CDK11A,RBMX,SBDS,RTF1,TAF1C,RPS4X,PPP1R14B
SYMPK,,CDK7,RBMX2,SBNO1,RTF2,TAF2,RPS5,PPP1R15B
SYS1,,CDK9,RBMXL1,SCFD1,RUVBL1,TAF5,RPS6,PPP1R2
TAF1C,,CDT1,RBX1,SDAD1,RUVBL2,TAF6,RPS7,PPP1R7
TAF5,,CENPC,RCC1,SDE2,SACM1L,TAF7,RPS8,PPP1R8
TAF6,,CENPE,RCL1,SDHC,SAE1,TAF8,RPS9,PPP2CA
TAF7,,CENPK,REV3L,SEC13,SAMM50,TANGO6,RPTOR,PPP2R1A
TAF8,,CENPM,RFC1,SEC61A1,SAP18,TARDBP,RRM1,PPP4C
TAMM41,,CENPN,RFC2,SEC61G,SAP30BP,TARS1,RRM2,PPP4R2
TANGO6,,CENPW,RFC3,SEC63,SARS1,TBCA,RRP1,PPRC1
TARDBP,,CHAF1A,RFC4,SEH1L,SARS2,TBCB,RRP12,PPWD1
TARS,,CHAF1B,RFC5,SEM1,SART1,TBCC,RRP15,PRC1
TARS2,,CHEK1,RFT1,SENP6,SART3,TBCD,RRP7A,PREB
TBC1D3B,,CHMP2A,RHEB,SETD1A,SASS6,TBL3,RRP9,PRELID1
TBCA,,CHMP6,RHOQ,SF1,SBDS,TBP,RRS1,PRELID3B
TBCB,,CKAP5,RINT1,SF3A1,SBNO1,TCP1,RSL1D1,PRIM1
TBCC,,CLNS1A,RIOK1,SF3A2,SCFD1,TFIP11,RTEL1,PRKRA
TBCD,,CLP1,RIOK2,SF3A3,SDAD1,TGS1,RTF1,PRMT1
TBL3,,CNOT3,RNF113A,SF3B1,SDE2,THG1L,RTF2,PRMT5
TCP1,,COPA,RNF20,SF3B2,SDHC,THOC1,RUVBL1,PRPF18
TELO2,,COPB1,RNF8,SF3B3,SEC13,THOC2,RUVBL2,PRPF19
TERF1,,COPB2,RNGTT,SF3B4,SEC61A1,THOC3,SACM1L,PRPF3
TERF2,,COPE,RNMT,SF3B5,SEC61G,THOC5,SAE1,PRPF31
TFRC,,COPS2,RNPC3,SF3B6,SEC63,THOC7,SAMM50,PRPF38A
THAP1,,COPS5,RNPS1,SFPQ,SEH1L,TICRR,SAP18,PRPF38B
THG1L,,COPS6,ROMO1,SFSWAP,SEM1,TIMELESS,SAP30BP,PRPF39
THOC1,,COPZ1,RPA1,SGO1,SENP6,TIMM10,SARS1,PRPF4
THOC2,,CPSF2,RPA2,SIN3A,SETD1A,TIMM13,SART1,PRPF40A
THOC3,,CPSF3,RPA3,SKA1,SF1,TIMM23,SART3,PRPF4B
THOC5,,CPSF3L,RPAIN,SKA2,SF3A1,TIMM44,SASS6,PRPF6
THOC7,,CRCP,RPAP1,SKA3,SF3A2,TINF2,SBDS,PRPF8
TICRR,,CRNKL1,RPAP2,SKIC8,SF3A3,TIPIN,SBNO1,PRRC2A
TIMELESS,,CSE1L,RPAP3,SKP1,SF3B1,TLK2,SCD,PSMA1
TIMM10,,CTCF,RPE,SLBP,SF3B2,TMA16,SCFD1,PSMA2
TIMM13,,CTDP1,RPF1,SLC35B1,SF3B3,TMEM258,SDAD1,PSMA3
TIMM44,,CWC22,RPF2,SLC39A7,SF3B4,TNPO3,SDE2,PSMA4
TIMM8A,,DAD1,RPL10,SLC9B1,SF3B5,TOMM22,SDHC,PSMA5
TINF2,,DARS,RPL10A,SLU7,SF3B6,TOMM40,SEC13,PSMA6
TLN1,,DBR1,RPL11,SMC1A,SFPQ,TONSL,SEC61A1,PSMA7
TMA16,,DCTN5,RPL12,SMC2,SFSWAP,TOP1,SEC61G,PSMB1
TMEM199,,DDB1,RPL13,SMC3,SGO1,TOP2A,SEC63,PSMB2
TMEM258,,DDOST,RPL14,SMC4,SHQ1,TOP3A,SEH1L,PSMB3
TNPO3,,DDX18,RPL17,SMC5,SIN3A,TOPBP1,SEM1,PSMB4
TOMM20,,DDX20,RPL18,SMC6,SKA2,TP53RK,SENP6,PSMB5
TOMM22,,DDX21,RPL18A,SMG5,SKA3,TPR,SEPHS2,PSMB6
TOMM40,,DDX47,RPL19,SMG6,SKIC8,TPT1,SETD1A,PSMB7
TONSL,,DDX54,RPL22,SMNDC1,SKP1,TPX2,SF1,PSMC1
TOP2A,,DDX56,RPL23,SMU1,SLBP,TRAPPC1,SF3A1,PSMC2
TOP3A,,DHDDS,RPL24,SNAPC1,SLC25A3,TRAPPC11,SF3A2,PSMC3
TOPBP1,,DHFR,RPL26,SNAPC2,SLC35B1,TRAPPC3,SF3A3,PSMC4
TPI1,,DHFRL1,RPL26L1,SNAPC3,SLC7A6OS,TRAPPC4,SF3B1,PSMC5
TPR,,DHX15,RPL27,SNAPC4,SLC9B1,TRAPPC5,SF3B2,PSMC6
TPX2,,DHX16,RPL27A,SNAPC5,SLU7,TRAPPC8,SF3B3,PSMD1
TRAIP,,DHX37,RPL28,SNIP1,SMC1A,TRIAP1,SF3B4,PSMD11
TRAPPC1,,DHX8,RPL3,SNRNP200,SMC2,TRMT112,SF3B5,PSMD12
TRAPPC11,,DHX9,RPL30,SNRNP25,SMC3,TRMT5,SF3B6,PSMD13
TRAPPC3,,DIMT1,RPL31,SNRNP27,SMC4,TRNT1,SFPQ,PSMD14
TRAPPC4,,DKC1,RPL32,SNRNP35,SMC5,TRRAP,SFSWAP,PSMD2
TRAPPC8,,DONSON,RPL35,SNRNP70,SMC6,TSEN54,SGO1,PSMD3
TRIAP1,,DTL,RPL36,SNRPA1,SMG5,TSG101,SHQ1,PSMD4
TRMT112,,DTYMK,RPL36AL,SNRPB,SMG6,TSR1,SIN3A,PSMD6
TRNT1,,DUT,RPL37,SNRPC,SMNDC1,TSR2,SKA1,PSMD7
TRPM7,,DYNC1H1,RPL37A,SNRPD1,SMU1,TTC1,SKA2,PSMD8
TRRAP,,DYNC1I2,RPL38,SNRPD2,SNAPC1,TTC27,SKA3,PSMG2
TSEN54,,DYNLRB1,RPL4,SNRPF,SNAPC2,TTI2,SKIC8,PSMG3
TSG101,,ECD,RPL5,SNU13,SNAPC3,TTK,SKP1,PSMG4
TSPYL5,,EEF1A1,RPL7,SNUPN,SNAPC4,TUBA1B,SLBP,PTCD3
TSR1,,EEF2,RPL7A,SNW1,SNAPC5,TUBB,SLC35B1,PTK2
TSR2,,EFTUD2,RPL8,SOD1,SNF8,TUBG1,SLC39A7,PTPA
TTC27,,EIF1,RPLP0,SON,SNIP1,TUBGCP2,SLC7A6OS,PTPMT1
TTC4,,EIF1AX,RPLP1,SPAG5,SNRNP200,TUBGCP3,SLU7,PTPN11
TTI1,,EIF2B2,RPLP2,SPATA5,SNRNP25,TUBGCP4,SMC1A,PTPN23
TTI2,,EIF2B3,RPN1,SPC24,SNRNP27,TUBGCP5,SMC2,PUF60
TUBA1C,,EIF2B4,RPN2,SPC25,SNRNP35,TUBGCP6,SMC3,PWP1
TUBB,,EIF2B5,RPP14,SPCS2,SNRNP40,TUT1,SMC4,PWP2
TUBG1,,EIF2S1,RPP21,SPCS3,SNRNP70,TXN,SMC5,PYROXD1
TUBGCP2,,EIF2S2,RPP30,SPDL1,SNRPA1,TXNL4A,SMC6,QARS1
TUBGCP3,,EIF2S3,RPP38,SPDYE1,SNRPB,TXNL4B,SMG5,RABGGTA
TUBGCP4,,EIF3A,RPP40,SPOUT1,SNRPC,U2AF1,SMG6,RABGGTB
TUBGCP5,,EIF3B,RPS11,SPRR2G,SNRPD1,U2AF2,SMNDC1,RAC1
TUT1,,EIF3CL,RPS12,SPRTN,SNRPD2,U2SURP,SMU1,RACGAP1
TWISTNB,,EIF3D,RPS13,SPRYD4,SNRPF,UBA1,SNAPC1,RACK1
TXN,,EIF3F,RPS14,SPTLC1,SNU13,UBA2,SNAPC2,RAD1
TXNL4A,,EIF3I,RPS15,SRBD1,SNUPN,UBA52,SNAPC3,RAD17
TXNRD1,,EIF4A1,RPS15A,SRCAP,SNW1,UBAP1,SNAPC4,RAD21
U2AF2,,EIF4A3,RPS16,SRFBP1,SOD1,UBE2C,SNAPC5,RAD51
U2SURP,,EIF4E,RPS18,SRP14,SON,UBE2I,SNF8,RAD51C
UBA1,,EIF5,RPS19,SRP19,SPAG5,UBE2L3,SNRNP200,RAD51D
UBA2,,EIF6,RPS19BP1,SRP54,SPATA5,UBE2M,SNRNP25,RAD9A
UBA3,,ELL,RPS20,SRP68,SPC24,UBL5,SNRNP27,RAE1
UBC,,EPRS,RPS21,SRP72,SPC25,UBR4,SNRNP35,RAN
UBE2D3,,ERCC3,RPS23,SRP9,SPCS2,UBTF,SNRNP40,RANBP2
UBE2I,,ERH,RPS24,SRPRA,SPCS3,UFD1,SNRNP70,RANGAP1
UBE2M,,ESPL1,RPS25,SRPRB,SPDL1,UPF1,SNRPA1,RARS1
UBE2N,,ETF1,RPS27A,SRRM1,SPDYE1,UPF2,SNRPB,RARS2
UBL5,,EXOSC2,RPS29,SRRT,SPOUT1,URB1,SNRPB2,RBBP4
UBR4,,EXOSC3,RPS3,SRSF1,SPRTN,URB2,SNRPC,RBBP5
UBTF,,EXOSC4,RPS4X,SRSF11,SPRYD4,URI1,SNRPD1,RBBP6
UFD1,,EXOSC6,RPS5,SRSF2,SRBD1,USP36,SNRPD2,RBBP8
UFM1,,EXOSC7,RPS6,SRSF3,SRCAP,USP37,SNRPF,RBM14
UNC50,,EXOSC9,RPS7,SRSF7,SRFBP1,USP39,SNU13,RBM17
UPF1,,FAM86B1,RPS8,SS18L2,SRP19,USP5,SNUPN,RBM19
UPF2,,FARSA,RPS9,SSB,SRP54,USP8,SNW1,RBM22
UQCRH,,FARSB,RPTOR,SSRP1,SRP68,USPL1,SOD1,RBM25
URB1,,FAU,RRM1,SSU72,SRP72,UTP11,SON,RBM28
URI1,,FBXO5,RRM2,STARD7,SRP9,UTP15,SPATA5,RBM39
URM1,,FIP1L1,RRP1,STX18,SRPRA,UTP18,SPATA5L1,RBM42
USP36,,GARS,RRP12,STX5,SRPRB,UTP20,SPC24,RBM48
USP5,,GBF1,RRP15,SUGP1,SRRM1,UTP23,SPC25,RBM8A
USP7,,GGPS1,RRP7A,SUGT1,SRRT,UTP25,SPCS2,RBMX
USP8,,GINS1,RRP9,SUPT16H,SRSF1,UTP4,SPCS3,RBMX2
USP9X,,GINS2,RRS1,SUPT5H,SRSF11,UTP6,SPDL1,RBMXL1
USPL1,,GINS4,RSL1D1,SUPT6H,SRSF2,UXT,SPDYE1,RBX1
UTP15,,GNB2L1,RTCB,SURF6,SRSF3,VARS1,SPOUT1,RCC1
UTP20,,GNL3,RTF1,SYF2,SRSF6,VCP,SPRTN,RCL1
UTP3,,GPKOW,RTF2,SYMPK,SRSF7,VDAC1,SPTLC1,REV3L
UTP4,,GPN1,RUVBL1,SYVN1,SS18L2,VIRMA,SRBD1,RFC1
UXT,,GPN2,RUVBL2,TADA2A,SSB,VMP1,SRCAP,RFC2
VARS,,GRPEL1,SACM1L,TAF1,SSRP1,VPS13D,SRFBP1,RFC3
VBP1,,GSPT1,SAE1,TAF12,SSU72,VPS18,SRP14,RFC4
VCP,,GTF2A2,SAMM50,TAF1A,STIL,VPS25,SRP19,RFC5
VHL,,GTF2B,SAP18,TAF1B,STX18,VPS28,SRP54,RFT1
VIRMA,,GTF2E1,SAP30BP,TAF1C,STX5,WARS1,SRP68,RHEB
VMP1,,GTF2E2,SARS1,TAF1D,SUDS3,WBP11,SRP72,RHOQ
VPS13D,,GTPBP4,SARS2,TAF2,SUGP1,WDHD1,SRP9,RIC1
VPS18,,GUK1,SART1,TAF5,SUGT1,WDR12,SRPRA,RINT1
VPS25,,HAUS1,SART3,TAF6,SUPT16H,WDR25,SRRM1,RIOK1
VPS28,,HAUS3,SASS6,TAF7,SUPT5H,WDR3,SRRT,RIOK2
VPS33A,,HAUS6,SBDS,TAF8,SUPT6H,WDR33,SRSF1,RMI1
VPS41,,HCFC1,SBNO1,TANGO6,SUPV3L1,WDR43,SRSF10,RNF113A
VPS51,,HEATR1,SCD,TARDBP,SURF6,WDR46,SRSF11,RNF168
VRK1,,HINFP,SCFD1,TARS1,SYF2,WDR5,SRSF2,RNF20
WARS,,HIST1H2AJ,SDAD1,TBCA,SYMPK,WDR55,SRSF3,RNF4
WBP11,,HIST1H2BB,SDE2,TBCB,TADA2A,WDR74,SRSF7,RNF8
WDHD1,,HIST1H2BC,SDHC,TBCC,TAF1,WDR75,SS18L2,RNGTT
WDR1,,HIST1H2BE,SEC13,TBCD,TAF10,WDR77,SSB,RNMT
WDR12,,HIST1H2BF,SEC61A1,TBCE,TAF12,WDR82,SSRP1,RNPC3
WDR18,,HIST1H2BG,SEC61G,TBL3,TAF1A,WEE1,SSU72,RNPS1
WDR24,,HIST1H2BH,SEC63,TBP,TAF1B,WTAP,STRAP,ROMO1
WDR3,,HIST1H2BL,SEH1L,TCERG1,TAF1C,XAB2,STX18,RPA1
WDR43,,HIST1H2BN,SEM1,TCP1,TAF2,XPO1,STX5,RPA2
WDR5,,HMGCS1,SENP6,TDGF1,TAF5,XRCC5,SUDS3,RPA3
WDR55,,HNRNPC,SERBP1,TEFM,TAF6,XRCC6,SUGP1,RPAIN
WDR7,,HNRNPK,SETD1A,TEX10,TAF7,XRN2,SUGT1,RPAP1
WDR74,,HNRNPL,SF1,TFIP11,TANGO6,YAE1,SUPT16H,RPAP2
WDR75,,HSPA9,SF3A1,TGS1,TARDBP,YARS1,SUPT5H,RPAP3
WDR77,,HSPE1,SF3A2,THG1L,TARS1,YBX1,SUPT6H,RPE
WDR82,,IARS,SF3A3,THOC1,TBCA,YEATS4,SUPV3L1,RPF1
WDR92,,IGBP1,SF3B1,THOC2,TBCB,YJU2,SURF6,RPF2
WEE1,,IMP3,SF3B2,THOC3,TBCC,YKT6,SYF2,RPL10
WNK1,,INTS4,SF3B3,THOC5,TBCD,YTHDC1,SYMPK,RPL10A
XAB2,,INTS9,SF3B4,THOC7,TBCE,ZBTB11,SYS1,RPL11
XPO1,,IPO11,SF3B5,TICRR,TBL3,ZBTB8OS,SYVN1,RPL12
XPO5,,IPO13,SF3B6,TIMELESS,TBP,ZC3H8,TAF1,RPL13
XRCC3,,ISCU,SFPQ,TIMM10,TCERG1,ZCCHC9,TAF12,RPL14
XRCC5,,KARS,SFSWAP,TIMM13,TCP1,ZMAT2,TAF1A,RPL17
XRCC6,,KAT8,SGO1,TIMM23,TELO2,ZMAT5,TAF1B,RPL18
XRN2,,KIAA1429,SHQ1,TIMM29,TEX10,ZNF131,TAF1C,RPL18A
YARS,,KIF11,SIN3A,TIMM44,TFIP11,ZNF207,TAF1D,RPL19
YARS2,,KIF23,SKA1,TINF2,TGS1,ZNF407,TAF2,RPL22
YEATS4,,KIN,SKA2,TIPIN,THG1L,ZNF492,TAF5,RPL23
YJU2,,KPNB1,SKA3,TLCD1,THOC1,ZNF830,TAF6,RPL24
YKT6,,KRTAP4-11,SKIC8,TLK2,THOC2,ZNHIT2,TAF7,RPL26
YPEL5,,KRTAP9-4,SKP1,TMA16,THOC3,ZNHIT6,TAF8,RPL26L1
YRDC,,LARS,SLBP,TMEM183A,THOC5,ZPR1,TANGO6,RPL27
ZBTB11,,LAS1L,SLC25A3,TMEM258,THOC7,,TARDBP,RPL27A
ZMAT2,,LCE1E,SLC35B1,TNPO3,TICRR,,TARS1,RPL28
ZMAT5,,LONP1,SLC39A7,TOMM20,TIMELESS,,TBCA,RPL3
ZNF131,,LSM2,SLC7A6OS,TOMM22,TIMM13,,TBCB,RPL30
ZNF207,,LSM3,SLC9B1,TOMM40,TIMM23,,TBCC,RPL31
ZNF492,,LSM4,SLU7,TONSL,TIMM44,,TBCD,RPL32
ZNF559,,LSM5,SMARCA5,TOP1,TINF2,,TBL3,RPL35
ZNF720,,LSM6,SMARCE1,TOP2A,TIPIN,,TBP,RPL36
ZNF830,,LSM7,SMC1A,TOP3A,TLK2,,TCERG1,RPL36AL
ZNHIT2,,LUC7L3,SMC2,TOPBP1,TMA16,,TCP1,RPL37
ZNRD1,,LYRM4,SMC3,TP53RK,TMEM183A,,TEX10,RPL37A
ZPR1,,MAD2L1,SMC4,TPR,TMEM258,,TFIP11,RPL38
ZRSR2,,MAK16,SMC5,TPT1,TNPO3,,TGS1,RPL4
AASDHPPT,,MARS,SMC6,TPX2,TOMM20,,THAP1,RPL5
ABT1,,MASTL,SMG5,TRAIP,TOMM22,,THG1L,RPL7
AFM,,MAT2A,SMG6,TRAPPC1,TOMM40,,THOC1,RPL7A
AGAP5,,MCM2,SMNDC1,TRAPPC11,TONSL,,THOC2,RPL8
AGAP6,,MCM3AP,SMU1,TRAPPC3,TOP1,,THOC3,RPLP0
ANAPC5,,MCM5,SNAPC1,TRAPPC4,TOP2A,,THOC5,RPLP1
ARFRP1,,MCM6,SNAPC2,TRAPPC5,TOP3A,,THOC7,RPLP2
ARPC4,,MCM7,SNAPC3,TRAPPC8,TOPBP1,,TICRR,RPN1
ASH2L,,MDN1,SNAPC4,TRIM37,TP53RK,,TIMELESS,RPN2
ATP13A1,,MED14,SNAPC5,TRMT112,TPR,,TIMM10,RPP14
ATP5F1A,,MED20,SNF8,TRMT5,TPT1,,TIMM13,RPP21
ATP5PB,,MED22,SNIP1,TRNT1,TPX2,,TIMM23,RPP30
ATP6V0D1,,MED27,SNRNP200,TRRAP,TRAPPC1,,TIMM44,RPP38
BARD1,,MED28,SNRNP25,TSEN2,TRAPPC11,,TIMM9,RPP40
BCAS2,,MED30,SNRNP27,TSEN54,TRAPPC3,,TINF2,RPS11
BDP1,,MED31,SNRNP35,TSG101,TRAPPC4,,TIPIN,RPS12
C15orf41,,MED4,SNRNP40,TSR1,TRAPPC5,,TLK2,RPS13
C18orf21,,MED6,SNRNP70,TSR2,TRAPPC8,,TMA16,RPS14
CARS2,,MFAP1,SNRPA1,TTC1,TRIAP1,,TMED10,RPS15
CENPL,,MMS22L,SNRPB,TTC27,TRIM37,,TMED2,RPS15A
CENPM,,MPHOSPH10,SNRPC,TTF1,TRMT112,,TMEM183A,RPS16
CEP97,,MTBP,SNRPD1,TTF2,TRMT5,,TMEM258,RPS18
CLEC18C,,MYC,SNRPD2,TTI1,TRNT1,,TNPO3,RPS19
COG4,,NAA38,SNRPF,TTI2,TRPM7,,TOMM22,RPS19BP1
CTAGE8,,NAA50,SNU13,TTK,TRRAP,,TOMM40,RPS20
CTU1,,NAPA,SNUPN,TUBA1B,TSEN2,,TONSL,RPS21
DARS1,,NARFL,SNW1,TUBB,TSEN54,,TOP1,RPS23
DBF4,,NARS,SOD1,TUBG1,TSG101,,TOP2A,RPS24
DCAF13,,NAT10,SON,TUBG2,TSR1,,TOP3A,RPS25
DDX20,,NCAPG,SPAG5,TUBGCP2,TSR2,,TOPBP1,RPS27A
DDX59,,NCBP1,SPATA5,TUBGCP3,TTC1,,TP53RK,RPS29
DHX9,,NCBP2,SPATA5L1,TUBGCP4,TTC27,,TPR,RPS3
DIMT1,,NDC80,SPC24,TUBGCP5,TTF1,,TPT1,RPS4X
DNAJA3,,NEDD1,SPC25,TUBGCP6,TTI1,,TPX2,RPS5
DNLZ,,NEDD8,SPCS2,TUT1,TTI2,,TRAPPC1,RPS6
DROSHA,,NHP2L1,SPCS3,TXN,TTK,,TRAPPC11,RPS7
E4F1,,NIFK,SPDL1,TXNL4A,TUBA1B,,TRAPPC3,RPS8
EEF1B2,,NIP7,SPDYE1,TXNL4B,TUBB,,TRAPPC4,RPS9
EIF1,,NKAP,SPOUT1,U2AF1,TUBG1,,TRAPPC5,RPTOR
EIF2B5,,NMD3,SPRR2G,U2AF2,TUBGCP2,,TRAPPC8,RRM1
ELOA3B,,NOL10,SPRTN,U2SURP,TUBGCP3,,TRIAP1,RRM2
ERCC3,,NOL6,SPRYD4,UBA1,TUBGCP4,,TRIM37,RRP1
EXOC7,,NOP16,SPTLC1,UBA2,TUBGCP5,,TRMT112,RRP12
FURIN,,NOP56,SRBD1,UBA52,TUBGCP6,,TRMT5,RRP15
GAR1,,NOP58,SRCAP,UBAP1,TUT1,,TRNT1,RRP7A
GBGT1,,NPIPA5,SRFBP1,UBE2C,TXN,,TRRAP,RRP9
GFER,,NPLOC4,SRP14,UBE2I,TXNL4A,,TSEN2,RRS1
GLE1,,NRDE2,SRP19,UBE2L3,TXNL4B,,TSEN54,RSL1D1
GNL3,,NRF1,SRP54,UBL5,U2AF1,,TSG101,RTCB
GOLGA8N,,NSA2,SRP68,UBQLN4,U2AF2,,TSR1,RTEL1
GPX4,,NSF,SRP72,UBR4,U2SURP,,TSR2,RTF1
GTF3C1,,NSL1,SRP9,UBTF,UBA1,,TTC1,RTF2
GTF3C4,,NUBP1,SRPRA,UFD1,UBA2,,TTC27,RUVBL1
H2AZ1,,NUDT21,SRPRB,UPF1,UBA3,,TTF1,RUVBL2
H3-3B,,NUF2,SRRM1,UPF2,UBA52,,TTF2,SACM1L
HARS1,,NUP133,SRRT,UQCRQ,UBA6,,TTI1,SAE1
HNRNPL,,NUP160,SRSF1,URB1,UBAP1,,TTI2,SAMM50
HSCB,,NUP214,SRSF10,URB2,UBE2C,,TTK,SAP18
HSPA8,,NUP85,SRSF11,URI1,UBE2I,,TUBA1B,SAP30BP
HSPE1-MOB4,,NUP88,SRSF2,URM1,UBE2L3,,TUBB,SARS1
HTRA2,,NUP93,SRSF3,USP10,UBE2M,,TUBG1,SARS2
HUS1,,NUS1,SRSF6,USP36,UBE2N,,TUBGCP2,SART1
IARS1,,NUTF2,SRSF7,USP37,UBL5,,TUBGCP3,SART3
IL1B,,NVL,SS18L2,USP39,UBQLN4,,TUBGCP4,SASS6
INTS2,,OGT,SSB,USP5,UBR4,,TUBGCP5,SBDS
INTS8,,ORAOV1,SSRP1,USP7,UBTF,,TUBGCP6,SBNO1
ISG20L2,,ORC6,SSU72,USP8,UFD1,,TUT1,SCAP
KANSL2,,PABPN1,STIL,USPL1,UPF1,,TXN,SCD
KARS1,,PAFAH1B1,STRAP,UTP11,UPF2,,TXNL4A,SCFD1
KNL1,,PAM16,STX18,UTP15,UQCRFS1,,TXNL4B,SDAD1
LARS1,,PCBP1,STX5,UTP18,UQCRQ,,U2AF1,SDE2
LARS2,,PCNA,SUDS3,UTP20,URB1,,U2AF2,SDHC
LIN37,,PCYT1A,SUGP1,UTP23,URB2,,U2SURP,SDHD
LSM11,,PDCD7,SUGT1,UTP25,URI1,,UBA1,SEC13
MAD2L1,,PDRG1,SUPT16H,UTP4,URM1,,UBA2,SEC16A
MAX,,PES1,SUPT5H,UTP6,USP10,,UBA3,SEC61A1
MED21,,PFDN2,SUPT6H,UXT,USP36,,UBA52,SEC61G
MIOS,,PFDN6,SUPV3L1,VARS1,USP37,,UBAP1,SEC63
MRPL18,,PGAM4,SURF6,VCP,USP39,,UBE2C,SEH1L
MRPS24,,PHB,SYF2,VDAC1,USP5,,UBE2D3,SEM1
NAA20,,PHB2,SYMPK,VIRMA,USP8,,UBE2I,SENP6
NAA25,,PHF5A,SYS1,VMP1,USPL1,,UBE2L3,SEPHS2
NAA30,,PISD,SYVN1,VPS13D,UTP11,,UBE2M,SERBP1
NIPBL,,PKMYT1,TADA2A,VPS16,UTP15,,UBL5,SETD1A
NOM1,,PLK1,TAF1,VPS18,UTP18,,UBR4,SF1
NUP153,,PLK4,TAF10,VPS25,UTP20,,UBTF,SF3A1
ORC1,,PMF1,TAF12,VPS28,UTP23,,UFD1,SF3A2
PA2G4,,PMF1-BGLAP,TAF13,VPS33A,UTP25,,UNC50,SF3A3
PCDHGA4,,PMPCB,TAF1A,VPS37A,UTP3,,UPF1,SF3B1
PHAX,,POLA2,TAF1B,VPS52,UTP4,,UPF2,SF3B2
POLD2,,POLD1,TAF1C,VPS53,UTP6,,URB1,SF3B3
PPP1CB,,POLD2,TAF1D,VPS72,UXT,,URB2,SF3B4
PSMB1,,POLD3,TAF2,WARS1,VARS1,,URI1,SF3B5
PSMC4,,POLE,TAF5,WBP1,VCP,,URM1,SF3B6
PSMD8,,POLE2,TAF6,WBP11,VDAC1,,USP10,SFPQ
PSTK,,POLR1B,TAF7,WDHD1,VIRMA,,USP36,SFSWAP
PTMA,,POLR1C,TAF8,WDR12,VMP1,,USP37,SGF29
QARS1,,POLR2A,TANGO6,WDR18,VPS13D,,USP39,SGO1
RBX1,,POLR2B,TARDBP,WDR25,VPS18,,USP5,SHQ1
REV3L,,POLR2C,TARS1,WDR3,VPS25,,USP7,SIN3A
RFC4,,POLR2D,TBCA,WDR33,VPS28,,USP8,SKA1
RIF1,,POLR2E,TBCB,WDR43,VPS72,,USPL1,SKA2
RPL13A,,POLR2F,TBCC,WDR46,WARS1,,UTP11,SKA3
RPL29,,POLR2G,TBCD,WDR5,WBP1,,UTP15,SKIC8
RPL30,,POLR2H,TBCE,WDR55,WBP11,,UTP18,SKP1
RPL35A,,POLR2I,TBL3,WDR7,WDHD1,,UTP20,SKP2
RPP38,,POLR2K,TBP,WDR74,WDR12,,UTP23,SLBP
RPS10,,POLR2L,TCERG1,WDR75,WDR18,,UTP25,SLC25A3
RPS21,,POLR3A,TCP1,WDR77,WDR25,,UTP4,SLC35B1
RPS26,,POLR3B,TEFM,WEE1,WDR26,,UTP6,SLC39A10
RPS27,,POLR3F,TELO2,WNK1,WDR3,,UXT,SLC39A7
RRP36,,POLR3K,TEX10,WTAP,WDR33,,VARS1,SLC3A2
RRP9,,POP5,TFB2M,XAB2,WDR43,,VCP,SLC7A6OS
SARS1,,PPAN,TFIP11,XPO1,WDR46,,VDAC1,SLC9B1
SKA1,,PPIL2,TGS1,XRCC5,WDR5,,VIRMA,SLU7
SKP1,,PPP1CB,THG1L,XRCC6,WDR55,,VMP1,SMARCB1
SMC5,,PPWD1,THOC1,XRN2,WDR74,,VPS13D,SMARCE1
SMC6,,PRAMEF6,THOC2,YAE1,WDR75,,VPS18,SMC1A
SPATA31A7,,PRC1,THOC3,YARS1,WDR77,,VPS25,SMC2
SPDL1,,PRELID1,THOC5,YBX1,WDR82,,VPS28,SMC3
SRP9,,PRIM1,THOC7,YEATS2,WEE1,,VPS33A,SMC4
SRRM2,,PRMT1,TICRR,YEATS4,WTAP,,WARS1,SMC5
SRRT,,PRPF19,TIMELESS,YJU2,XAB2,,WBP11,SMC6
SRSF10,,PRPF31,TIMM10,YKT6,XPO1,,WDHD1,SMG5
SRSF6,,PRPF38A,TIMM13,YRDC,XRCC5,,WDR12,SMG6
ST20-MTHFS,,PRPF38B,TIMM23,YTHDC1,XRCC6,,WDR18,SMG7
SUDS3,,PRPF4,TIMM44,ZBTB11,XRN2,,WDR25,SMNDC1
TAF1B,,PRPF8,TIMM9,ZBTB17,YAE1,,WDR3,SMU1
TBC1D3F,,PSMA1,TINF2,ZBTB8OS,YARS1,,WDR33,SNAP23
THAP11,,PSMA2,TIPIN,ZC3H8,YARS2,,WDR43,SNAPC1
TIMM29,,PSMA3,TLCD1,ZCCHC9,YBX1,,WDR46,SNAPC2
TMEM189,,PSMA4,TLK2,ZCRB1,YEATS4,,WDR5,SNAPC3
TNFRSF13C,,PSMA5,TMA16,ZFAND5,YJU2,,WDR55,SNAPC4
TP53RK,,PSMA6,TMED10,ZMAT2,YJU2B,,WDR7,SNAPC5
TRMT5,,PSMA7,TMED2,ZMAT5,YKT6,,WDR74,SNF8
TTF1,,PSMB1,TMEM183A,ZNF131,YRDC,,WDR75,SNIP1
TUBA1B,,PSMB2,TMEM258,ZNF207,YTHDC1,,WDR77,SNRNP200
TUBE1,,PSMB3,TNPO3,ZNF335,ZBTB11,,WDR82,SNRNP25
U2AF1,,PSMB4,TOMM20,ZNF492,ZBTB17,,WEE1,SNRNP27
UBA52,,PSMB5,TOMM22,ZNF574,ZBTB8OS,,WNK1,SNRNP35
UQCRC1,,PSMB6,TOMM40,ZNF830,ZC3H13,,WTAP,SNRNP40
UQCRQ,,PSMB7,TONSL,ZNHIT2,ZC3H18,,XAB2,SNRNP70
UTP18,,PSMC1,TOP1,ZNHIT6,ZC3H8,,XPO1,SNRPA1
WASF2,,PSMC2,TOP2A,ZPR1,ZCCHC9,,XRCC5,SNRPB
WDR33,,PSMC3,TOP3A,,ZCRB1,,XRCC6,SNRPB2
WDR59,,PSMC4,TOPBP1,,ZMAT2,,XRN2,SNRPC
WDR70,,PSMC6,TP53RK,,ZMAT5,,YAE1,SNRPD1
XRN1,,PSMD1,TPI1,,ZNF131,,YARS1,SNRPD2
YARS1,,PSMD11,TPR,,ZNF143,,YARS2,SNRPF
YBX1,,PSMD12,TPRKB,,ZNF207,,YBX1,SNU13
YY1,,PSMD13,TPT1,,ZNF335,,YEATS4,SNUPN
ZFP82,,PSMD14,TPX2,,ZNF407,,YJU2,SNW1
ZNF84,,PSMD2,TRAIP,,ZNF492,,YKT6,SOD1
AAMP,,PSMD3,TRAPPC1,,ZNF593,,YPEL5,SOD2
AATF,,PSMD6,TRAPPC11,,ZNF830,,YRDC,SON
ACIN1,,PSMG3,TRAPPC3,,ZNHIT2,,YTHDC1,SPAG5
ADAR,,PUF60,TRAPPC4,,ZNHIT6,,ZBTB11,SPATA5
ADSS,,PWP2,TRAPPC5,,ZPR1,,ZBTB17,SPATA5L1
AK2,,QARS,TRAPPC8,,,,ZBTB8OS,SPC24
ALG1L,,RABGGTB,TRIAP1,,,,ZC3H8,SPC25
ALYREF,,RACGAP1,TRIM37,,,,ZCCHC9,SPCS2
ANAPC10,,RAD51,TRMT112,,,,ZMAT2,SPCS3
AP2M1,,RAE1,TRMT5,,,,ZMAT5,SPDL1
ARF4,,RAN,TRNT1,,,,ZNF131,SPDYE1
ATP1B3,,RANGAP1,TRPM7,,,,ZNF207,SPOUT1
ATP5A1,,RBBP4,TRRAP,,,,ZNF335,SPRR2G
ATP5D,,RBBP6,TSEN2,,,,ZNF492,SPRTN
ATP5L,,RBM14,TSEN54,,,,ZNF830,SPRYD4
ATP6V1C1,,RBM17,TSG101,,,,ZNHIT2,SPTLC1
ATP6V1D,,RBM25,TSR1,,,,ZNHIT6,SRBD1
ATP6V1H,,RBMX,TSR2,,,,ZPR1,SRCAP
ATXN10,,RBX1,TTC1,,,,,SRF
BCCIP,,RCC1,TTC27,,,,,SRFBP1
BCL2L2-PABPN1,,RCL1,TTF1,,,,,SRP14
BCLAF1,,RFC3,TTF2,,,,,SRP19
BET1,,RFC4,TTI1,,,,,SRP54
BNIP1,,RFC5,TTI2,,,,,SRP68
BUB1,,RGPD6,TTK,,,,,SRP72
C12orf45,,RHEB,TUBA1B,,,,,SRP9
C1orf131,,RIOK1,TUBB,,,,,SRPRA
C21orf59,,RIOK2,TUBG1,,,,,SRPRB
C9orf114,,RNF113A,TUBGCP2,,,,,SRRM1
CAD,,RNGTT,TUBGCP3,,,,,SRRT
CASC5,,RPA1,TUBGCP4,,,,,SRSF1
CBFB,,RPA2,TUBGCP5,,,,,SRSF10
CBWD1,,RPA3,TUBGCP6,,,,,SRSF11
CBWD3,,RPAP1,TUT1,,,,,SRSF2
CCDC94,,RPAP2,TXN,,,,,SRSF3
CCT7,,RPF2,TXNL4A,,,,,SRSF6
CDC26,,RPL10A,TXNL4B,,,,,SRSF7
CENPC,,RPL11,U2AF1,,,,,SS18L2
CENPE,,RPL12,U2AF2,,,,,SSB
CHCHD3,,RPL13,U2SURP,,,,,SSRP1
CIRH1A,,RPL13A,UBA1,,,,,SSU72
CKS2,,RPL14,UBA2,,,,,STIL
CLSPN,,RPL15,UBA3,,,,,STRAP
COPS2,,RPL17,UBA52,,,,,STX18
COX17,,RPL18,UBAP1,,,,,STX5
COX7B,,RPL18A,UBE2C,,,,,SUDS3
CPSF3L,,RPL19,UBE2I,,,,,SUGP1
CPSF6,,RPL21,UBE2L3,,,,,SUGT1
CSNK1A1,,RPL22,UBE2M,,,,,SUPT16H
CTNNB1,,RPL23,UBE2N,,,,,SUPT5H
CTR9,,RPL23A,UBL5,,,,,SUPT6H
CUL3,,RPL24,UBQLN4,,,,,SUPV3L1
DAP3,,RPL26,UBR4,,,,,SURF6
DCTN3,,RPL27,UBTF,,,,,SYF2
DDX39B,,RPL27A,UFD1,,,,,SYMPK
DDX46,,RPL3,UPF1,,,,,SYS1
DDX52,,RPL30,UPF2,,,,,TACC3
DEFB129,,RPL31,UQCRFS1,,,,,TADA2A
DENR,,RPL32,URB1,,,,,TAF1
DGCR14,,RPL34,URB2,,,,,TAF10
DGCR8,,RPL35,URI1,,,,,TAF12
DHFR,,RPL35A,URM1,,,,,TAF1A
DHFRL1,,RPL36,USE1,,,,,TAF1B
DHODH,,RPL36A,USP10,,,,,TAF1C
DHX16,,RPL37A,USP36,,,,,TAF1D
DHX36,,RPL38,USP37,,,,,TAF2
DIEXF,,RPL4,USP39,,,,,TAF5
DLD,,RPL5,USP5,,,,,TAF6
DLST,,RPL6,USP7,,,,,TAF7
DNAJC11,,RPL7,USP8,,,,,TAF8
DNMT1,,RPL7A,USPL1,,,,,TAMM41
DPY30,,RPL7L1,UTP11,,,,,TANGO6
DR1,,RPL8,UTP15,,,,,TARDBP
DSN1,,RPLP0,UTP18,,,,,TARS1
EGR2,,RPLP1,UTP20,,,,,TARS2
EIF2S2,,RPLP2,UTP23,,,,,TBCA
EIF3C,,RPP38,UTP25,,,,,TBCB
EIF5AL1,,RPS11,UTP3,,,,,TBCC
EIF5B,,RPS12,UTP4,,,,,TBCD
ELOF1,,RPS13,UTP6,,,,,TBCE
ENY2,,RPS14,UXT,,,,,TBL3
EXOSC3,,RPS15,VARS1,,,,,TBP
EXOSC9,,RPS15A,VCP,,,,,TCERG1
FAM103A1,,RPS16,VDAC1,,,,,TCP1
FAM86B1,,RPS18,VIRMA,,,,,TEFM
FAM96B,,RPS19,VMP1,,,,,TELO2
FARS2,,RPS2,VPS13D,,,,,TEX10
FBXW11,,RPS20,VPS16,,,,,TFAM
FDPS,,RPS21,VPS18,,,,,TFB2M
FDX1L,,RPS23,VPS25,,,,,TFDP1
FECH,,RPS24,VPS28,,,,,TFIP11
FNTA,,RPS27A,VPS72,,,,,TFRC
FPGS,,RPS29,WARS1,,,,,TGS1
GABPA,,RPS3,WBP11,,,,,THAP1
GABPB1,,RPS4X,WDHD1,,,,,THAP11
GAK,,RPS5,WDR12,,,,,THG1L
GEMIN7,,RPS6,WDR18,,,,,THOC1
GFPT1,,RPS7,WDR25,,,,,THOC2
GNB2L1,,RPS8,WDR3,,,,,THOC3
GOLGA6A,,RPS9,WDR33,,,,,THOC5
GTF2F2,,RPSA,WDR43,,,,,THOC7
GTF2H1,,RRM1,WDR46,,,,,TICRR
GTF2H2C,,RRM2,WDR5,,,,,TIMELESS
GTF3C2,,RRN3,WDR55,,,,,TIMM10
GTF3C5,,RRP1,WDR7,,,,,TIMM13
HAUS2,,RRP9,WDR74,,,,,TIMM23
HIST1H2AJ,,RRS1,WDR75,,,,,TIMM44
HIST1H2AK,,RSL1D1,WDR77,,,,,TIMM9
HIST1H2AL,,RSL24D1,WDR82,,,,,TINF2
HIST1H2AM,,RTFDC1,WEE1,,,,,TIPIN
HIST1H2BB,,RUVBL1,WTAP,,,,,TLK2
HIST1H2BC,,RUVBL2,XAB2,,,,,TMA16
HIST1H2BD,,SACM1L,XPO1,,,,,TMED10
HIST1H2BE,,SAP30BP,XPO5,,,,,TMED2
HIST1H2BF,,SARS,XRCC5,,,,,TMEM183A
HIST1H2BG,,SART3,XRCC6,,,,,TMEM199
HIST1H2BH,,SBDS,XRN2,,,,,TMEM258
HIST1H2BN,,SCFD1,YAE1,,,,,TNPO3
HIST2H3C,,SDAD1,YARS1,,,,,TOMM20
HIST3H3,,SDE2,YARS2,,,,,TOMM22
HJURP,,SEC13,YBX1,,,,,TOMM40
HMGCR,,SEC61A1,YEATS2,,,,,TONSL
HSP90B1,,SEC61G,YEATS4,,,,,TOP1
IFITM3,,SENP6,YJU2,,,,,TOP2A
IRF4,,SF1,YJU2B,,,,,TOP3A
KIAA1429,,SF3A1,YKT6,,,,,TOPBP1
KRTAP4-11,,SF3A2,YTHDC1,,,,,TP53RK
KRTAP4-2,,SF3A3,YY1,,,,,TPI1
KRTAP9-4,,SF3B2,ZBTB11,,,,,TPR
LAMTOR3,,SF3B3,ZBTB17,,,,,TPRKB
LARS,,SF3B4,ZBTB8OS,,,,,TPT1
LCE1E,,SF3B5,ZC3H13,,,,,TPX2
LIAS,,SFPQ,ZC3H18,,,,,TRA2B
LIN52,,SGOL1,ZC3H8,,,,,TRAIP
LIN9,,SKA1,ZCCHC9,,,,,TRAPPC1
LSM5,,SKA2,ZCRB1,,,,,TRAPPC11
MAGOH,,SKIV2L2,ZFC3H1,,,,,TRAPPC3
MARCH5,,SKP1,ZMAT2,,,,,TRAPPC4
MBTPS1,,SLMO2,ZMAT5,,,,,TRAPPC5
MCL1,,SLU7,ZNF131,,,,,TRAPPC8
MCM3,,SMC1A,ZNF143,,,,,TRIAP1
MED10,,SMC4,ZNF207,,,,,TRIM37
MED18,,SMU1,ZNF335,,,,,TRMT112
MED20,,SNAPC1,ZNF407,,,,,TRMT5
MED23,,SNAPC2,ZNF492,,,,,TRNT1
MED24,,SNAPC3,ZNF830,,,,,TRPM7
MED27,,SNAPC4,ZNHIT2,,,,,TRRAP
MED28,,SNRNP200,ZNHIT6,,,,,TSEN2
MED31,,SNRNP25,ZPR1,,,,,TSEN54
MED7,,SNRNP27,ZRSR2,,,,,TSG101
MFN2,,SNRNP35,,,,,,TSR1
MRPL17,,SNRNP70,,,,,,TSR2
MRPL34,,SNRPA1,,,,,,TTC1
MRPS10,,SNRPB,,,,,,TTC27
MRPS14,,SNRPD1,,,,,,TTF1
MT1E,,SNRPD2,,,,,,TTF2
MTHFD1,,SNRPD3,,,,,,TTI1
MYH9,,SNRPE,,,,,,TTI2
NAA38,,SNRPF,,,,,,TTK
NAMPT,,SNRPG,,,,,,TUBA1B
NAPG,,SNW1,,,,,,TUBB
NARFL,,SOD1,,,,,,TUBG1
NCAPH,,SPC24,,,,,,TUBGCP2
NDC1,,SPC25,,,,,,TUBGCP3
NDUFB3,,SPCS3,,,,,,TUBGCP4
NDUFB9,,SPDL1,,,,,,TUBGCP5
NDUFC2-KCTD14,,SRBD1,,,,,,TUBGCP6
NELFCD,,SRP19,,,,,,TUT1
NHP2L1,,SRP54,,,,,,TXN
NMNAT1,,SRP9,,,,,,TXNL4A
NOC2L,,SRSF1,,,,,,TXNL4B
NOL7,,SRSF2,,,,,,TYMS
NPIPA5,,SRSF3,,,,,,U2AF1
NSL1,,SRSF7,,,,,,U2AF2
NUBP1,,SS18L2,,,,,,U2SURP
NUP155,,SSRP1,,,,,,UBA1
NUP160,,SSU72,,,,,,UBA2
NUP50,,SUPT16H,,,,,,UBA3
NUP98,,SUPT5H,,,,,,UBA5
OGDH,,SUPT6H,,,,,,UBA52
OPA1,,SYMPK,,,,,,UBA6
ORAOV1,,TAF6,,,,,,UBAP1
ORC4,,TARS,,,,,,UBE2C
PCYT1A,,TCEB1,,,,,,UBE2D3
PDCD7,,TCEB2,,,,,,UBE2H
PDPK1,,TCP1,,,,,,UBE2I
PGAM4,,TFIP11,,,,,,UBE2L3
PGGT1B,,THOC2,,,,,,UBE2M
PISD,,THOC3,,,,,,UBE2N
PLGLB2,,THOC5,,,,,,UBIAD1
PMF1-BGLAP,,THOC7,,,,,,UBL5
PNN,,TICRR,,,,,,UBQLN4
PNO1,,TIMELESS,,,,,,UBR4
POLR2A,,TNPO3,,,,,,UBR5
POLR3C,,TONSL,,,,,,UBTF
POP1,,TOP1,,,,,,UFD1
POP4,,TOP2A,,,,,,UMPS
POT1,,TOPBP1,,,,,,UPF1
POU2AF1,,TRAPPC11,,,,,,UPF2
PPCS,,TRAPPC3,,,,,,UQCRB
PPIA,,TRAPPC8,,,,,,UQCRC1
PPIAL4G,,TRNT1,,,,,,UQCRC2
PPIL2,,TSG101,,,,,,UQCRFS1
PPP1R7,,TSR2,,,,,,URB1
PRAMEF5,,TTC27,,,,,,URB2
PRAMEF6,,TUBA1B,,,,,,URI1
PREB,,TUBA1C,,,,,,URM1
PSMC1,,TUBB,,,,,,USE1
PTPN11,,TUBG1,,,,,,USP10
RAC1,,TUBGCP3,,,,,,USP36
RAD1,,TUBGCP4,,,,,,USP37
RAD51C,,TUT1,,,,,,USP39
RARS,,TWISTNB,,,,,,USP5
RASA4,,TXNL4A,,,,,,USP7
RBMX,,U2AF1,,,,,,USP8
RBMX2,,U2AF2,,,,,,USP9X
RBMXL1,,U2SURP,,,,,,USPL1
RCL1,,UBA1,,,,,,UTP11
RFK,,UBA52,,,,,,UTP15
RFWD3,,UBB,,,,,,UTP18
RGPD6,,UBE2I,,,,,,UTP20
RHEB,,UBL5,,,,,,UTP23
RHOQ,,UBR4,,,,,,UTP25
RINT1,,UBTF,,,,,,UTP3
RNF20,,UFD1L,,,,,,UTP4
RPF1,,UPF1,,,,,,UTP6
RPL21,,UPF2,,,,,,UXT
RPL22,,URI1,,,,,,VARS1
RPL28,,USP39,,,,,,VARS2
RPL36A,,USP5,,,,,,VBP1
RPL7L1,,USPL1,,,,,,VCP
RPS7,,UTP15,,,,,,VDAC1
RPSA,,UTP20,,,,,,VHL
RTFDC1,,UTP6,,,,,,VIRMA
SAMM50,,UXT,,,,,,VMP1
SCD,,VARS,,,,,,VPS13D
SDAD1,,VCP,,,,,,VPS16
SDHB,,VPS25,,,,,,VPS18
SDHC,,VPS28,,,,,,VPS25
SGOL1,,WARS,,,,,,VPS28
SHFM1,,WBSCR22,,,,,,VPS33A
SIN3A,,WDHD1,,,,,,VPS37A
SKA2,,WDR12,,,,,,VPS41
SKIV2L2,,WDR3,,,,,,VPS72
SLBP,,WDR33,,,,,,WARS1
SLC35B1,,WDR75,,,,,,WASHC2C
SLC9B1,,WDR77,,,,,,WBP11
SLMO2,,WDR82,,,,,,WDHD1
SMAGP,,WEE1,,,,,,WDR1
SMARCA5,,XAB2,,,,,,WDR12
SNAPC4,,XRCC5,,,,,,WDR18
SNRPB2,,XRCC6,,,,,,WDR25
SRCAP,,YARS,,,,,,WDR26
SRP19,,YBX1,,,,,,WDR3
SRP68,,YRDC,,,,,,WDR33
SSB,,ZNF207,,,,,,WDR43
SSX2,,ZNF335,,,,,,WDR46
SSX4,,,,,,,,WDR5
SUMO2,,,,,,,,WDR55
SUPT4H1,,,,,,,,WDR7
SUZ12,,,,,,,,WDR74
TAF1,,,,,,,,WDR75
TAF10,,,,,,,,WDR77
TAF12,,,,,,,,WDR82
TAF13,,,,,,,,WEE1
TAF1A,,,,,,,,WNK1
TAF2,,,,,,,,WTAP
TAF6L,,,,,,,,XAB2
TCEAL7,,,,,,,,XPO1
TCEB1,,,,,,,,XPO5
TCEB2,,,,,,,,XRCC3
TFIP11,,,,,,,,XRCC5
THAP5,,,,,,,,XRCC6
TIMM9,,,,,,,,XRN1
TIPIN,,,,,,,,XRN2
TMED10,,,,,,,,YAE1
TOP1,,,,,,,,YARS1
TPT1,,,,,,,,YARS2
TRAPPC2,,,,,,,,YBX1
TRIM49D1,,,,,,,,YEATS2
TTK,,,,,,,,YEATS4
TUBG2,,,,,,,,YJU2
TXNL4B,,,,,,,,YJU2B
UBAP1,,,,,,,,YKT6
UBB,,,,,,,,YPEL5
UBE2L3,,,,,,,,YRDC
UFD1L,,,,,,,,YTHDC1
UMPS,,,,,,,,YY1
UQCRFS1,,,,,,,,ZBTB11
UROD,,,,,,,,ZBTB17
USP39,,,,,,,,ZBTB8OS
UTP11L,,,,,,,,ZC3H13
UTP6,,,,,,,,ZC3H18
VDAC1,,,,,,,,ZC3H8
VPS16,,,,,,,,ZCCHC9
WBSCR22,,,,,,,,ZCRB1
WDR36,,,,,,,,ZFC3H1
WDR61,,,,,,,,ZMAT2
XRCC2,,,,,,,,ZMAT5
YAE1D1,,,,,,,,ZNF131
ZBTB8OS,,,,,,,,ZNF207
ZCCHC9,,,,,,,,ZNF335
ZNF335,,,,,,,,ZNF407
ZNF407,,,,,,,,ZNF492
ZWINT,,,,,,,,ZNF574
,,,,,,,,ZNF830
,,,,,,,,ZNHIT2
,,,,,,,,ZNHIT6
,,,,,,,,ZPR1
,,,,,,,,ZRSR2
,,,,,,,,ZWINT